AUDIOTEXT,Trigger,segment,tmin,Order,LexFunc
Alice,1,1,0.046,1,1
was,1,1,0.562721,2,0
beginning,1,1,0.784543,3,1
to,1,1,1.256929,4,0
get,1,1,1.352925,5,0
very,1,1,1.616327,6,1
tired,1,1,2.310749,7,1
of,1,1,2.799918,8,0
sitting,1,1,2.938712,9,1
by,1,1,3.30449,10,0
her,1,1,3.484082,11,0
sister,1,1,3.654596,12,1
on,1,1,4.106667,13,0
the,1,1,4.274286,14,0
bank,1,1,4.398799,15,1
and,1,1,4.785961,16,0
of,1,1,4.908844,17,0
having,1,1,5.034329,18,1
nothing,1,1,5.435647,19,1
to,1,1,5.890613,20,0
do,1,1,6.051306,21,1
once,1,1,7.147755,22,1
or,1,1,7.380186,23,0
twice,1,1,7.4995,24,1
she,1,1,7.957925,25,0
,99,,,26,0
peeped,1,1,8.261225,27,1
into,1,1,8.560545,28,0
the,1,1,8.776055,29,0
book,1,1,8.88381,30,1
her,1,1,9.231021,31,0
sister,1,1,9.31483,32,1
was,1,1,9.709932,33,0
reading,1,1,9.961361,34,1
but,1,1,10.811429,35,0
it,1,1,10.926947,36,0
had,1,1,11.014966,37,0
no,1,1,11.29034,38,0
pictures,1,1,11.422041,39,1
or,1,1,11.928449,40,0
conversations,1,1,12.033452,41,1
in,1,1,12.882923,42,0
it,1,1,13.013482,43,0
and,1,1,13.777672,44,0
what,1,1,13.943927,45,0
’s,1,1,14.110704,46,0
the,1,1,14.226852,47,0
use,1,1,14.407012,48,1
of,1,1,14.726531,49,0
a,1,1,14.822313,50,0
book,1,1,15.034115,51,1
thought,1,1,15.430794,52,1
Alice,1,1,15.847213,53,1
without,1,1,16.232225,54,0
pictures,1,1,16.567652,55,1
or,1,1,17.109154,56,0
conversation,1,1,17.266659,57,1
So,1,1,19.526536,58,0
she,1,1,19.721958,59,0
was,1,1,19.926131,60,0
considering,1,1,20.17415,61,1
in,1,1,20.928436,62,0
her,1,1,21.024218,63,0
own,1,1,21.269652,64,0
mind,1,1,21.50313,65,1
as,1,1,22.165075,66,0
well,1,1,22.413062,67,0
as,1,1,22.641249,68,
she,1,1,22.736327,69,0
could,1,1,22.927891,70,0
for,1,1,23.382857,71,0
the,1,1,23.51412,72,0
hot,1,1,23.598368,73,1
day,1,1,23.897687,74,1
made,1,1,24.161089,75,1
her,1,1,24.364626,76,0
feel,1,1,24.483259,77,1
very,1,1,24.735783,78,1
sleepy,1,1,25.059048,79,1
and,1,1,25.541189,80,0
stupid,1,1,25.680794,81,1
whether,1,1,26.878912,82,0
the,1,1,27.142313,83,0
pleasure,1,1,27.314162,84,1
of,1,1,27.776871,85,0
making,1,1,27.884626,86,1
a,1,1,28.255783,87,0
daisy,1,1,28.376346,88,1
chain,1,1,28.818504,89,1
would,1,1,29.297415,90,0
be,1,1,29.477007,91,0
worth,1,1,29.608708,92,1
the,1,1,29.872109,93,0
trouble,1,1,29.95905,94,1
of,1,1,30.36463,95,0
getting,1,1,30.458776,96,1
up,1,1,30.840804,97,0
and,1,1,31.021497,98,0
picking,1,1,31.177122,99,1
the,1,1,31.512381,100,0
daisies,1,1,31.586956,101,1
when,1,1,32.833264,102,0
suddenly,1,1,33.035638,103,1
a,1,1,34.074558,104,0
White,1,1,34.190765,105,1
Rabbit,1,1,34.565443,106,1
with,1,1,34.972517,107,0
pink,1,1,35.140136,108,1
eyes,1,1,35.511293,109,1
ran,1,1,35.945261,110,1
close,1,1,36.157823,111,1
by,1,1,36.564898,112,0
her,1,1,36.768436,113,
There,1,1,38.468572,114,0
was,1,1,38.632328,115,0
nothing,1,1,38.80381,116,1
so,1,1,39.174966,117,0
very,1,1,39.468477,118,1
remarkable,1,1,40.04898,119,1
in,1,1,40.773225,120,0
that,1,1,40.934966,121,0
nor,1,1,41.820953,122,0
did,1,1,42.042964,123,0
Alice,1,1,42.204082,124,1
think,1,1,42.611157,125,1
it,1,1,42.802721,126,0
so,1,1,42.900757,127,0
very,1,1,43.133433,128,1
much,1,1,43.473198,129,1
out,1,1,43.784524,130,0
of,1,1,43.954431,131,0
the,1,1,44.059864,132,0
way,1,1,44.155647,133,1
to,1,1,44.466939,134,0
hear,1,1,44.632655,135,1
the,1,1,44.802177,136,0
Rabbit,1,1,44.909932,137,1
say,1,1,45.258174,138,1
to,1,1,45.496599,139,0
itself,1,1,45.689575,140,0
Oh,1,1,46.805793,141,0
dear,1,1,46.935658,142,1
Oh,1,1,47.651701,143,0
dear,1,1,47.771429,144,1
I,1,1,48.307503,145,0
shall,1,1,48.372361,146,0
be,1,1,48.573606,147,0
,99,,,148,1
late,1,1,48.718395,149,1
when,1,1,50.06082,150,0
she,1,1,50.180945,151,0
thought,1,1,50.361373,152,1
it,1,1,50.602707,153,0
over,1,1,50.724997,154,0
afterwards,1,1,51.051973,155,1
it,1,1,51.722449,156,0
occurred,1,1,51.818232,157,1
to,1,1,52.213334,158,0
her,1,1,52.333062,159,0
that,1,1,52.553259,160,0
she,1,1,52.92836,161,0
ought,1,1,53.150214,162,0
to,1,1,53.386667,163,0
have,1,1,53.557126,164,0
wondered,1,1,53.793742,165,1
at,1,1,54.12898,166,0
this,1,1,54.368436,167,0
but,1,1,54.691701,168,0
at,1,1,54.823402,169,0
the,1,1,55.050885,170,0
time,1,1,55.146667,171,1
it,1,1,55.626219,172,0
all,1,1,55.734441,173,0
seemed,1,1,55.885951,174,1
quite,1,1,56.195464,175,1
natural,1,1,56.439728,176,1
but,1,2,0.479839572,177,0
when,1,2,0.592424402,178,0
the,1,2,0.810806402,179,0
Rabbit,1,2,0.912952402,180,1
actually,1,2,1.415810402,181,1
took,1,2,1.918667402,182,1
a,1,2,2.385605402,183,0
watch,1,2,2.557777402,184,1
out,1,2,3.211728402,185,0
of,1,2,3.431803402,186,0
its,1,2,3.595218402,187,0
waistcoat,1,2,3.790771402,188,1
pocket,1,2,4.384907402,189,1
and,1,2,5.637331402,190,0
looked,1,2,5.747717402,191,1
at,1,2,6.073224402,192,0
it,1,2,6.286257402,193,0
and,1,2,6.887374402,194,0
then,1,2,6.992943402,195,0
hurried,1,2,7.150775402,196,1
on,1,2,7.541223402,197,0
Alice,1,2,8.467782402,198,1
started,1,2,8.946694402,199,1
to,1,2,9.365741402,200,0
her,1,2,9.557306402,201,0
feet,1,2,9.696188402,202,1
for,1,2,10.1080544,203,0
it,1,2,10.3256874,204,0
flashed,1,2,10.4425664,205,1
across,1,2,10.8503674,206,0
her,1,2,11.3053334,207,0
mind,1,2,11.3771704,208,1
that,1,2,12.1913204,209,0
she,1,2,12.3150514,210,0
’d,1,2,12.4278374,211,0
never,1,2,12.5354954,212,1
before,1,2,12.9096874,213,1
seen,1,2,13.3209554,214,1
a,1,2,13.7505944,215,0
rabbit,1,2,13.8315924,216,1
with,1,2,14.2027484,217,0
either,1,2,14.3713834,218,0
a,1,2,14.7563734,219,0
waistcoat,1,2,14.8570194,220,1
pocket,1,2,15.2922724,221,1
or,1,2,15.8430204,222,0
a,1,2,16.1249724,223,0
watch,1,2,16.1782584,224,1
to,1,2,16.5853334,225,0
take,1,2,16.7050614,226,1
out,1,2,16.9804354,227,0
of,1,2,17.1816424,228,0
it,1,2,17.3169194,229,0
and,1,2,18.0100954,230,0
burning,1,2,18.2734974,231,1
with,1,2,18.6566264,232,0
curiosity,1,2,18.8172454,233,1
she,1,2,20.0813884,234,0
ran,1,2,20.2968984,235,1
across,1,2,20.5483274,236,0
the,1,2,20.9434294,237,0
field,1,2,21.0392114,238,1
after,1,2,21.4103674,239,1
it,1,2,21.8665724,240,0
and,1,2,22.4041094,241,0
fortunately,1,2,22.5977474,242,
was,1,2,23.5894154,243,0
just,1,2,23.8647894,244,1
in,1,2,24.2479184,245,0
time,1,2,24.3796194,246,1
to,1,2,24.6888614,247,0
see,1,2,24.7866944,248,1
it,1,2,24.9782584,249,0
pop,1,2,25.1339054,250,1
down,1,2,25.4691434,251,0
a,1,2,25.6916714,252,0
large,1,2,25.7988114,253,1
rabbit,1,2,26.1875104,254,1
hole,1,2,26.5227484,255,1
under,1,2,26.8220684,256,0
the,1,2,27.1009914,257,0
hedge,1,2,27.2092134,258,1
In,1,2,28.6539054,259,0
another,1,2,28.8555384,260,1
moment,1,2,29.2764904,261,1
down,1,2,29.8392114,262,0
went,1,2,30.1744494,263,1
Alice,1,2,30.3537254,264,1
after,1,2,30.7611164,265,1
it,1,2,31.1847124,266,0
never,1,2,31.7069664,267,1
once,1,2,31.9823404,268,1
considering,1,2,32.3775904,269,1
how,1,2,33.1915924,270,0
in,1,2,33.4658944,271,0
the,1,2,33.5866944,272,0
world,1,2,33.6705034,273,1
she,1,2,34.0775784,274,0
was,1,2,34.2451974,275,0
to,1,2,34.4726804,276,0
get,1,2,34.5684634,277,1
out,1,2,34.7251894,278,0
again,1,2,34.9359684,279,1
The,1,2,36.4990384,280,0
rabbit,1,2,36.5866974,281,1
hole,1,2,36.9630204,282,1
went,1,2,37.1545854,283,1
straight,1,2,37.3092894,284,1
on,1,2,37.6848174,285,0
like,1,2,37.8729524,286,0
a,1,2,38.0506054,287,0
tunnel,1,2,38.1270404,288,1
for,1,2,38.5314564,289,0
some,1,2,38.7110484,290,1
way,1,2,39.0103674,291,1
and,1,2,39.6090074,292,0
then,1,2,39.7885994,293,0
dipped,1,2,40.0041094,294,1
suddenly,1,2,40.2555374,295,1
down,1,2,40.8422044,296,0
so,1,2,41.4528164,297,0
suddenly,1,2,41.7985404,298,1
that,1,2,42.7219324,299,0
Alice,1,2,42.8468034,300,1
had,1,2,43.2607074,301,0
not,1,2,43.4437824,302,0
a,1,2,43.6191014,303,0
moment,1,2,43.6677824,304,1
to,1,2,44.2065584,305,0
think,1,2,44.2903674,306,1
about,1,2,44.5548144,307,0
stopping,1,2,44.8416004,308,1
herself,1,2,45.3433954,309,0
before,1,2,45.8588034,310,1
she,1,2,46.1940414,311,0
found,1,2,46.4215244,312,1
herself,1,2,46.6729524,313,0
falling,1,2,47.1039734,314,1
down,1,2,47.4631564,315,0
,99,,,316,0
,99,,,317,1
,99,,,318,0
,99,,,319,0
a,1,2,47.6700554,320,0
very,1,2,47.7624764,321,1
deep,1,2,48.1934974,322,1
well,1,2,48.5287354,323,1
Either,1,2,50.2168984,324,0
the,1,2,50.5641094,325,0
well,1,2,50.6958104,326,1
was,1,2,50.9951294,327,0
very,1,2,51.1747214,328,1
deep,1,2,51.5339054,329,1
or,1,2,52.1325444,330,0
she,1,2,52.1874444,331,0
fell,1,2,52.4438374,332,1
very,1,2,52.6592904,333,1
slowly,1,2,52.9445924,334,1
for,1,2,54.0841094,335,0
she,1,2,54.2320244,336,0
had,1,2,54.3954014,337,1
plenty,1,2,54.5989394,338,1
of,1,2,55.1504224,339,0
time,1,2,55.3053334,340,1
as,1,2,55.6284084,341,0
she,1,2,55.7602994,342,0
went,1,2,55.9398914,343,1
down,1,2,56.1793474,344,0
to,1,2,56.8617964,345,0
look,1,2,56.9934974,346,1
about,1,2,57.2449254,347,0
her,1,2,57.6156304,348,0
and,1,2,57.8794834,349,0
to,1,2,58.0111844,350,0
wonder,1,2,58.1660754,351,1
what,1,2,58.5156304,352,0
was,1,2,58.6816604,353,0
going,1,2,58.8612524,354,0
to,1,2,59.1485994,355,0
happen,1,2,59.2511584,356,1
next,1,2,59.6873744,357,1
First,1,3,0.478723402,358,1
she,1,3,0.986269787,359,0
tried,1,3,1.201780787,360,1
to,1,3,1.501099787,361,0
look,1,3,1.604642787,362,1
down,1,3,1.836337787,363,0
and,1,3,2.183548787,364,0
make,1,3,2.315249787,365,1
out,1,3,2.602596787,366,0
what,1,3,2.842052787,367,0
she,1,3,2.961780787,368,0
was,1,3,3.143827787,369,0
coming,1,3,3.332936787,370,1
to,1,3,3.716065787,371,0
but,1,3,4.506269787,372,0
it,1,3,4.611587787,373,0
was,1,3,4.721780787,374,0
too,1,3,4.889399787,375,1
dark,1,3,5.057018787,376,1
to,1,3,5.308446787,377,0
see,1,3,5.446654787,378,1
anything,1,3,5.695563787,379,0
then,1,3,7.200147787,380,0
she,1,3,7.403684787,381,0
looked,1,3,7.667086787,382,1
at,1,3,7.913297787,383,0
the,1,3,8.026269787,384,0
sides,1,3,8.110079787,385,1
of,1,3,8.487551787,386,0
the,1,3,8.565045787,387,0
well,1,3,8.667198787,388,1
and,1,3,9.522868787,389,0
noticed,1,3,9.679748787,390,1
that,1,3,10.07361679,391,0
they,1,3,10.20531779,392,0
were,1,3,10.33701879,393,0
filled,1,3,10.46871879,394,1
with,1,3,10.80395679,395,0
cupboards,1,3,10.97157679,396,1
and,1,3,11.55766779,397,0
bookshelves,1,3,11.76178079,398,1
here,1,3,14.07252879,399,0
and,1,3,14.32043479,400,0
there,1,3,14.47960379,401,0
she,1,3,14.75497779,402,0
saw,1,3,15.00640579,403,1
maps,1,3,15.24713779,404,1
and,1,3,15.78066979,405,0
pictures,1,3,15.90436579,406,1
hung,1,3,16.37130379,407,1
up,1,3,16.54214579,408,0
on,1,3,16.72362579,409,0
pegs,1,3,16.91007979,410,1
She,1,3,18.27497779,411,0
took,1,3,18.45456979,412,1
down,1,3,18.69402479,413,0
a,1,3,18.96623079,414,0
jar,1,3,19.05320879,415,1
from,1,3,19.47225679,416,0
one,1,3,19.63987579,417,0
of,1,3,19.80749479,418,0
the,1,3,19.89130379,419,0
shelves,1,3,19.98708679,420,1
as,1,3,20.45402479,421,0
she,1,3,20.52586179,422,0
passed,1,3,20.72939979,423,1
it,1,3,21.66327679,424,0
was,1,3,21.80789779,425,0
labelled,1,3,22.00702479,426,1
orange,1,3,22.57196479,427,1
marmalade,1,3,23.11249479,428,1
but,1,3,24.33320879,429,0
to,1,3,24.46490979,430,0
her,1,3,24.54871879,431,0
great,1,3,24.69239279,432,0
disappointment,1,3,25.04467379,433,1
it,1,3,25.78191679,434,0
was,1,3,25.90463179,435,0
empty,1,3,26.10518179,436,1
she,1,3,27.24259679,437,0
did,1,3,27.42218879,438,0
not,1,3,27.57783479,439,0
like,1,3,27.76956379,440,1
to,1,3,27.93701879,441,0
drop,1,3,28.03280079,442,1
the,1,3,28.35606579,443,0
jar,1,3,28.45184879,444,1
for,1,3,28.70327679,445,0
fear,1,3,28.87089579,446,1
of,1,3,29.17021579,447,0
killing,1,3,29.24205279,448,1
somebody,1,3,29.61320879,449,0
,99,,,450,1
so,1,3,30.41538579,451,0
she,1,3,30.57975079,452,
managed,1,3,30.75062379,453,1
to,1,3,31.20558979,454,0
put,1,3,31.28939979,455,1
it,1,3,31.48191579,456,0
into,1,3,31.60636979,457,0
one,1,3,31.94790279,458,1
of,1,3,32.11244379,459,0
the,1,3,32.21130379,460,0
cupboards,1,3,32.30183079,461,1
as,1,3,32.80994379,462,0
she,1,3,32.89375279,463,0
fell,1,3,33.09729079,464,1
past,1,3,33.31280079,465,0
it,1,3,33.74353779,466,0
Well,1,3,35.74327679,467,1
thought,1,3,36.53985379,468,1
Alice,1,3,36.69745379,469,1
to,1,3,37.12014779,470,0
herself,1,3,37.25262979,471,0
after,1,3,37.91008579,472,1
such,1,3,38.25314779,473,1
a,1,3,38.52478379,474,0
fall,1,3,38.58082779,475,1
as,1,3,38.85445579,476,0
this,1,3,39.05973979,477,0
I,1,3,39.34469879,478,0
shall,1,3,39.40695079,479,0
think,1,3,39.61048779,480,1
nothing,1,3,39.88586179,481,1
of,1,3,40.47252879,482,0
tumbling,1,3,40.55633779,483,1
down,1,3,41.02327679,484,0
stairs,1,3,41.27470579,485,1
How,1,3,42.67552179,486,0
brave,1,3,43.00499679,487,1
they,1,3,43.52558979,488,0
ll,1,3,43.66323679,489,0
all,1,3,43.76783279,490,0
think,1,3,43.95661079,491,1
me,1,3,44.25592979,492,0
at,1,3,44.37565779,493,0
home,1,3,44.51420779,494,1
Why,1,3,45.42502979,495,0
I,1,3,45.72658979,496,0
would,1,3,45.81239279,497,0
nt,1,3,46.00234879,498,0
say,1,3,46.11171279,499,0
anything,1,3,46.32722279,500,0
about,1,3,46.81303279,501,0
it,1,3,47.10374579,502,0
even,1,3,47.24876179,503,0
if,1,3,47.52689079,504,0
I,1,3,47.68014779,505,0
fell,1,3,47.82382079,506,1
off,1,3,48.07625279,507,0
the,1,3,48.25484179,508,0
top,1,3,48.36628679,509,1
of,1,3,48.66191679,510,0
the,1,3,48.74572579,511,0
house,1,3,48.86911379,512,1
Which,1,3,50.01484179,513,0
was,1,3,50.24312279,514,0
very,1,3,50.42191679,515,1
likely,1,3,50.68426379,516,1
TRUE,1,3,51.08674579,517,1
Down,1,3,52.75661079,518,0
down,1,3,53.76232479,519,0
down,1,3,54.89973979,520,0
Would,1,3,55.98926379,521,0
the,1,3,56.08979379,522,0
fall,1,3,56.15689079,523,1
never,1,3,56.43225679,524,1
come,1,3,57.00927379,525,1
to,1,3,57.28232479,526,0
an,1,3,57.45149679,527,0
end,1,3,57.59651379,528,1
I,1,3,58.81484179,529,0
wonder,1,3,58.99095979,530,0
how,1,3,59.42545379,531,0
many,1,3,59.71888679,532,1
miles,1,3,59.94028379,533,1
I,1,3,60.45575679,534,0
ve,1,3,60.56654879,535,0
fallen,1,3,60.64667879,536,1
by,1,3,61.05375279,537,0
this,1,3,61.26926379,538,0
time,1,3,61.59139379,539,1
she,1,3,62.07143979,540,0
said,1,3,62.26300479,541,1
aloud,1,3,62.53837879,542,1
,99,,,543,0
must,1,4,0.398385787,544,0
be,1,4,0.689427631,545,0
getting,1,4,0.840937631,546,1
somewhere,1,4,1.126349631,547,0
near,1,4,1.542891631,548,0
the,1,4,1.772879631,549,0
center,1,4,1.844716631,550,1
of,1,4,2.251791631,551,0
the,1,4,2.347573631,552,0
earth,1,4,2.485197631,553,1
Let,1,4,3.125805631,554,1
me,1,4,3.353288631,555,0
see,1,4,3.473015631,556,1
that,1,4,3.808254631,557,0
would,1,4,3.990834631,558,0
be,1,4,4.155464631,559,0
four,1,4,4.632185631,560,1
thousand,1,4,5.077369631,561,1
miles,1,4,5.460498631,562,1
down,1,4,5.903492631,563,0
I,1,4,6.262675631,564,0
think,1,4,6.346485631,565,1
for,1,4,7.172607631,566,0
you,1,4,7.253283631,567,0
see,1,4,7.388559631,568,1
Alice,1,4,7.699410631,569,1
had,1,4,8.094512631,570,0
learnt,1,4,8.250158631,571,1
several,1,4,8.465668631,572,1
things,1,4,8.860771631,573,1
of,1,4,9.219954631,574,0
this,1,4,9.339682631,575,0
sort,1,4,9.567165631,576,1
in,1,4,9.794648631,577,0
her,1,4,9.926349631,578,0
lessons,1,4,10.08199563,579,1
in,1,4,10.51044763,580,0
the,1,4,10.60879863,581,0
school,1,4,10.72852663,582,1
room,1,4,11.11381763,583,1
and,1,4,11.74621363,584,0
though,1,4,11.95457563,585,0
this,1,4,12.06387963,586,0
was,1,4,12.28498863,587,0
not,1,4,12.44063463,588,0
a,1,4,12.64462563,589,0
very,1,4,12.75192763,590,1
good,1,4,13.24281163,591,1
opportunity,1,4,13.47324963,592,1
for,1,4,14.23655363,593,0
showing,1,4,14.41614563,594,1
off,1,4,14.85699863,595,0
her,1,4,15.11056663,596,0
knowledge,1,4,15.19437663,597,1
as,1,4,15.75709763,598,0
there,1,4,15.93668963,599,0
was,1,4,16.09233563,600,0
no,1,4,16.27192763,601,0
one,1,4,16.43954663,602,0
to,1,4,16.58322063,603,0
listen,1,4,16.77246763,604,1
to,1,4,17.08607763,605,0
her,1,4,17.28976663,606,0
still,1,4,18.00798163,607,0
it,1,4,18.31422063,608,0
was,1,4,18.42702963,609,0
good,1,4,18.61859463,610,1
practice,1,4,18.79818563,611,1
to,1,4,19.31301563,612,0
say,1,4,19.38505963,613,1
it,1,4,19.67375863,614,0
over,1,4,19.78522663,615,0
yes,1,4,20.63002263,616,0
that,1,4,21.12090763,617,0
s,1,4,21.36644463,618,0
about,1,4,21.43219963,619,0
the,1,4,21.71954663,620,0
right,1,4,21.81532863,621,0
distance,1,4,22.11464863,622,1
but,1,4,23.18022663,623,0
then,1,4,23.34784563,624,0
I,1,4,23.51076263,625,0
wonder,1,4,23.65036763,626,1
what,1,4,24.00634963,627,0
Latitude,1,4,24.17712863,628,1
or,1,4,24.82182563,629,0
Longitude,1,4,24.94022663,630,1
I,1,4,25.57799163,631,0
ve,1,4,25.70940763,632,0
got,1,4,25.77832263,633,1
to,1,4,26.11436663,634,0
Alice,1,4,27.16716563,635,1
had,1,4,27.59113663,636,0
no,1,4,28.00526063,637,0
,99,,,638,0
,99,,,639,1
idea,1,4,28.35477763,640,1
what,1,4,28.68770963,641,0
Latitude,1,4,28.84335663,642,1
was,1,4,29.40607763,643,0
or,1,4,30.17233563,644,0
Longitude,1,4,30.31600963,645,1
either,1,4,30.89070263,646,0
but,1,4,31.93233563,647,0
,99,,,648,0
thought,1,4,32.08798163,649,1
they,1,4,32.31546463,650,0
were,1,4,32.43519263,651,0
nice,1,4,32.55492063,652,1
grand,1,4,32.89015863,653,1
words,1,4,33.27328863,654,1
to,1,4,33.70494363,655,0
say,1,4,33.81316563,656,1
Presently,1,4,35.16498863,657,1
she,1,4,35.61995463,658,0
began,1,4,35.85941063,659,1
again,1,4,36.26648563,660,1
I,1,4,37.59546463,661,0
wonder,1,4,37.73208963,662,1
if,1,4,38.12817963,663,0
I,1,4,38.24181263,664,0
shall,1,4,38.40054563,665,0
fall,1,4,38.79274363,666,1
right,1,4,39.11600963,667,1
through,1,4,39.35546463,668,1
the,1,4,39.88226763,669,0
earth,1,4,40.07216363,670,1
How,1,4,41.04362863,671,0
funny,1,4,41.40281163,672,1
it,1,4,41.69015863,673,0
ll,1,4,41.80957263,674,0
seem,1,4,41.92961463,675,1
to,1,4,42.24090763,676,0
come,1,4,42.33668963,677,1
out,1,4,42.57203263,678,0
among,1,4,42.72981063,679,1
the,1,4,43.04308363,680,0
people,1,4,43.15083963,681,1
that,1,4,43.66566863,682,0
walk,1,4,43.83328863,683,1
with,1,4,44.10866263,684,0
their,1,4,44.25233563,685,0
heads,1,4,44.41995463,686,1
downward,1,4,44.81505663,687,1
The,1,4,46.10811763,688,0
Antipathies,1,4,46.25192363,689,1
I,1,4,47.24553263,690,0
think,1,4,47.56879863,691,1
she,1,4,48.95285963,692,0
was,1,4,49.10869863,693,0
rather,1,4,49.35274363,694,1
glad,1,4,49.69995463,695,1
there,1,4,49.96335663,696,0
was,1,4,50.09505663,697,0
no,1,4,50.44226763,698,0
one,1,4,50.56199563,699,0
listening,1,4,50.76290263,700,1
this,1,4,51.24444463,701,0
time,1,4,51.45995463,702,1
as,1,4,51.92689363,703,0
it,1,4,52.06513863,704,0
did,1,4,52.20226763,705,0
nt,1,4,52.37652063,706,0
sound,1,4,52.48961463,707,1
at,1,4,52.87317663,708,0
all,1,4,52.97145863,709,0
the,1,4,53.21995463,710,0
right,1,4,53.33968263,711,1
word,1,4,53.61505663,712,1
but,1,4,55.17151963,713,0
I,1,4,55.23582963,714,0
shall,1,4,55.40110663,715,0
have,1,4,55.60253963,716,0
to,1,4,55.77015863,717,0
ask,1,4,55.92580563,718,1
them,1,4,56.21315163,719,0
what,1,4,56.38657763,720,0
the,1,4,56.57233563,721,0
name,1,4,56.73995463,722,1
of,1,4,56.96743763,723,0
the,1,4,57.03927463,724,0
country,1,4,57.11111163,725,1
is,1,4,57.60199563,726,0
you,1,4,57.86539663,727,0
know,1,4,57.99709763,728,1
Please,1,4,59.03873063,729,1
Maam,1,4,59.37396863,730,1
is,1,4,60.03247163,731,0
this,1,4,60.27228563,732,0
New,1,4,60.51457663,733,1
Zealand,1,4,60.62911563,734,1
or,1,4,61.23515563,735,0
Australia,1,4,61.40908963,736,1
and,1,4,63.22920663,737,0
she,1,4,63.28054363,738,0
tried,1,4,63.46866263,739,1
to,1,4,63.74156763,740,0
curtsey,1,4,63.80390063,741,1
as,1,4,64.32668563,742,0
she,1,4,64.41084863,743,0
spoke,1,4,64.56802363,744,1
fancy,1,4,65.36036263,745,1
curtseying,1,4,65.79138363,746,1
as,1,4,66.51241563,747,0
you,1,4,66.65526763,748,0
re,1,4,66.73779663,749,0
falling,1,4,66.85223063,750,1
through,1,4,67.25244963,751,0
the,1,4,67.44362863,752,0
air,1,4,67.65913863,753,1
Do,1,4,68.03985163,754,0
you,1,4,68.15456663,755,0
think,1,4,68.26278763,756,1
you,1,4,68.43736963,757,0
could,1,4,68.59301563,758,0
manage,1,4,68.76063463,759,1
it,1,4,69.12991863,760,0
And,1,5,0.561145631,761,0
what,1,5,0.689847173,762,0
an,1,5,0.936113173,763,0
ignorant,1,5,1.115705173,764,1
little,1,5,1.618562173,765,1
girl,1,5,1.858018173,766,1
she,1,5,2.107547173,767,0
ll,1,5,2.220976173,768,0
think,1,5,2.312984173,769,1
me,1,5,2.528494173,770,0
for,1,5,2.648222173,771,0
asking,1,5,2.847481173,772,1
No,1,5,4.108902173,773,0
it,1,5,4.527950173,774,0
ll,1,5,4.666011173,775,0
never,1,5,4.803324173,776,1
do,1,5,5.126589173,777,0
to,1,5,5.261374173,778,0
ask,1,5,5.371760173,779,1
perhaps,1,5,6.383732173,780,1
I,1,5,6.833959173,781,0
shall,1,5,6.910535173,782,0
see,1,5,7.113220173,783,1
it,1,5,7.305637173,784,0
written,1,5,7.437338173,785,1
up,1,5,7.704109173,786,0
somewhere,1,5,7.877263173,787,0
Down,1,5,9.664277173,788,0
down,1,5,10.26291617,789,0
down,1,5,10.81366417,790,0
There,1,5,11.98699817,791,0
was,1,5,12.15461717,792,0
nothing,1,5,12.32223617,793,0
else,1,5,12.71894017,794,1
to,1,5,13.01979617,795,0
do,1,5,13.13638517,796,1
so,1,5,13.45965117,797,0
Alice,1,5,13.66318817,798,1
soon,1,5,14.08223617,799,1
began,1,5,14.32169217,800,1
talking,1,5,14.64495717,801,1
again,1,5,15.19176917,802,0
Dinah,1,5,16.79702417,803,1
ll,1,5,17.12403517,804,0
miss,1,5,17.31648717,805,1
me,1,5,17.64764417,806,0
very,1,5,17.80577317,807,1
much,1,5,18.18890217,808,0
tonight,1,5,18.56005917,809,1
I,1,5,18.92607117,810,0
should,1,5,19.00305217,811,0
think,1,5,19.31350417,812,1
Dinah,1,5,20.90959317,813,1
was,1,5,21.25590217,814,0
the,1,5,21.48749517,815,0
cat,1,5,21.59138817,816,1
I,1,5,23.12299917,817,0
hope,1,5,23.22256217,818,1
they,1,5,23.45848517,819,0
ll,1,5,23.56870017,820,0
remember,1,5,23.64895517,821,1
her,1,5,24.04359617,822,0
saucer,1,5,24.15261217,823,1
of,1,5,24.61147117,824,0
milk,1,5,24.73801817,825,1
at,1,5,25.07249417,826,0
tea,1,5,25.18504417,827,1
time,1,5,25.48033117,828,1
Dinah,1,5,26.76141917,829,1
my,1,5,27.09665817,830,0
dear,1,5,27.26427717,831,1
I,1,5,27.51271417,832,0
wish,1,5,27.59951517,833,1
you,1,5,27.92278017,834,0
were,1,5,28.03053517,835,0
down,1,5,28.13829017,836,0
here,1,5,28.47352817,837,0
with,1,5,28.66509317,838,0
me,1,5,29.01230417,839,0
There,1,5,29.89829017,840,0
are,1,5,30.06590917,841,0
no,1,5,30.10182817,842,0
mice,1,5,30.34671017,843,1
in,1,5,30.73638517,844,0
the,1,5,30.82019517,845,0
air,1,5,30.97584117,846,1
I,1,5,31.20165917,847,0
m,1,5,31.26007417,848,0
afraid,1,5,31.34018317,849,1
but,1,5,31.75407217,850,0
you,1,5,31.96958317,851,0
might,1,5,32.06536517,852,0
catch,1,5,32.33718017,853,1
a,1,5,32.58019517,854,0
bat,1,5,32.65203217,855,1
and,1,5,33.74155517,856,0
that,1,5,33.84931117,857,0
s,1,5,34.00050617,858,0
very,1,5,34.10073917,859,1
like,1,5,34.37743117,860,0
a,1,5,34.69127317,861,0
mouse,1,5,34.74727017,862,1
you,1,5,35.16631717,863,0
know,1,5,35.25538517,864,1
But,1,5,36.35162417,865,0
do,1,5,36.51924317,866,0
cats,1,5,36.62699817,867,1
eat,1,5,37.15380017,868,0
bats,1,5,37.40522917,869,1
I,1,5,37.79375817,870,0
wonder,1,5,37.86302017,871,1
And,1,5,39.51244017,872,0
here,1,5,39.71597717,873,0
Alice,1,5,39.96740617,874,1
began,1,5,40.43434517,875,1
to,1,5,40.82944717,876,0
get,1,5,40.94917517,877,1
rather,1,5,41.15271217,878,1
sleepy,1,5,41.40025117,879,1
and,1,5,42.38590917,880,0
went,1,5,42.55092317,881,1
on,1,5,42.81693017,882,0
saying,1,5,43.00849417,883,1
to,1,5,43.42754217,884,0
herself,1,5,43.58318817,885,0
in,1,5,44.13393617,886,0
a,1,5,44.21774617,887,0
dreamy,1,5,44.27761017,888,1
sort,1,5,44.64876617,889,1
of,1,5,44.91805217,890,0
way,1,5,45.09176017,891,0
Do,1,5,45.91788217,892,0
cats,1,5,46.06006617,893,1
eat,1,5,46.48862317,894,1
bats,1,5,46.68414117,895,1
Do,1,5,47.54618117,896,0
cats,1,5,47.66590917,897,1
eat,1,5,48.07298417,898,1
bats,1,5,48.30372817,899,1
and,1,5,49.13856217,900,0
sometimes,1,5,49.29685017,901,1
Do,1,5,50.07342517,902,0
bats,1,5,50.22493517,903,1
eat,1,5,50.54743517,904,1
cats,1,5,50.72426417,905,1
for,1,5,51.94933017,906,0
you,1,5,52.06188017,907,0
see,1,5,52.15258617,908,1
as,1,5,52.55080717,909,0
she,1,5,52.68250817,910,0
could,1,5,52.86210017,911,0
nt,1,5,53.06778617,912,0
answer,1,5,53.20374417,913,1
either,1,5,53.68822217,914,0
question,1,5,54.05937917,915,1
it,1,5,54.89747417,916,0
did,1,5,55.07706617,917,0
nt,1,5,55.27152717,918,0
much,1,5,55.40033117,919,0
matter,1,5,55.61174417,920,1
which,1,5,55.97502517,921,0
way,1,5,56.19053517,922,1
she,1,5,56.33420917,923,0
put,1,5,56.54971917,924,1
it,1,5,56.80114717,925,0
She,1,5,57.93856217,926,0
felt,1,5,58.13012717,927,1
that,1,5,58.35761017,928,0
she,1,5,58.50128317,929,0
was,1,5,58.71679417,930,0
dozing,1,5,58.93230417,931,1
off,1,5,59.36332417,932,0
and,1,5,59.68658917,933,0
had,1,5,59.85420917,934,0
just,1,5,60.03380017,935,0
begun,1,5,60.41693017,936,1
to,1,5,60.81203217,937,0
dream,1,5,60.91978717,938,1
that,1,5,61.26699817,939,0
she,1,5,61.38672617,940,0
was,1,5,61.59026317,941,0
walking,1,5,61.75788217,942,1
hand,1,5,62.17693017,943,1
in,1,5,62.51541617,944,0
hand,1,5,62.64386817,945,1
with,1,5,62.95516117,946,0
Dinah,1,5,63.13475317,947,1
and,1,5,63.94890217,948,0
,99,,,949,0
saying,1,5,64.08588317,950,1
to,1,5,64.54754217,951,0
her,1,5,64.69121517,952,0
very,1,5,64.85883417,953,1
earnestly,1,5,65.31380017,954,1
Now,1,6,0.323245298,955,1
Dinah,1,6,0.568708743,956,1
tell,1,6,1.039808743,957,1
me,1,6,1.422937743,958,0
the,1,6,1.590556743,959,0
truth,1,6,1.730401743,960,1
did,1,6,2.380761743,961,0
you,1,6,2.600501743,962,0
ever,1,6,2.847699743,963,0
eat,1,6,3.206883743,964,1
a,1,6,3.379041743,965,0
bat,1,6,3.534880743,966,1
when,1,6,4.739400743,967,0
suddenly,1,6,4.967131743,968,1
thump,1,6,5.972597743,969,1
thump,1,6,6.738856743,970,1
down,1,6,7.229740743,971,0
she,1,6,7.529060743,972,0
came,1,6,7.756543743,973,1
upon,1,6,8.211509743,974,0
a,1,6,8.566976743,975,0
heap,1,6,8.654502743,976,1
of,1,6,8.917903743,977,0
sticks,1,6,9.013686743,978,1
and,1,6,9.469543743,979,0
dry,1,6,9.612325743,980,1
leaves,1,6,9.839808743,981,1
and,1,6,10.90538674,982,0
the,1,6,11.07300574,983,0
fall,1,6,11.14484274,984,1
was,1,6,11.48008074,985,0
over,1,6,11.67207674,986,0
Alice,1,6,13.28797174,987,1
was,1,6,13.68307374,988,0
not,1,6,13.85069374,989,0
a,1,6,14.05370274,990,0
bit,1,6,14.13803974,991,1
hurt,1,6,14.35355074,992,1
and,1,6,15.04797174,993,0
she,1,6,15.20361874,994,0
jumped,1,6,15.37123774,995,1
up,1,6,15.73042074,996,0
onto,1,6,15.93395874,997,0
her,1,6,16.07763174,998,0
feet,1,6,16.22130574,999,1
in,1,6,16.55654374,1000,0
a,1,6,16.69133574,1001,0
moment,1,6,16.74810774,1002,1
she,1,6,18.05314174,1003,0
looked,1,6,18.26865274,1004,1
up,1,6,18.55599974,1005,0
but,1,6,18.87926474,1006,0
it,1,6,19.01096574,1007,0
was,1,6,19.08280174,1008,0
all,1,6,19.22870174,1009,0
dark,1,6,19.48987674,1010,1
overhead,1,6,19.88497874,1011,1
before,1,6,20.95055674,1012,1
her,1,6,21.44144174,1013,0
was,1,6,21.58511474,1014,0
another,1,6,21.83654374,1015,1
long,1,6,22.18375474,1016,1
passage,1,6,22.45912874,1017,1
and,1,6,23.41695174,1018,0
the,1,6,23.54865274,1019,0
White,1,6,23.62048874,1020,1
Rabbit,1,6,23.90783574,1021,1
was,1,6,24.24307374,1022,0
still,1,6,24.37477474,1023,0
in,1,6,24.74547574,1024,0
sight,1,6,24.86565874,1025,1
hurrying,1,6,25.26076174,1026,1
down,1,6,25.79953674,1027,0
it,1,6,26.09885674,1028,
There,1,6,27.21232574,1029,0
was,1,6,27.36797174,1030,0
not,1,6,27.53559074,1031,0
a,1,6,27.73374674,1032,0
moment,1,6,27.79899274,1033,1
to,1,6,28.20606774,1034,0
be,1,6,28.28987674,1035,0
lost,1,6,28.40175074,1036,1
away,1,6,29.27164574,1037,0
went,1,6,29.58293774,1038,1
Alice,1,6,29.81042074,1039,1
like,1,6,30.22946874,1040,0
the,1,6,30.39708774,1041,0
wind,1,6,30.50484274,1042,0
and,1,6,31.00769974,1043,0
was,1,6,31.18729174,1044,0
just,1,6,31.45069374,1045,0
in,1,6,31.81344474,1046,0
time,1,6,31.92960474,1047,1
to,1,6,32.19300574,1048,0
hear,1,6,32.30076174,1049,1
it,1,6,32.52554174,1050,0
say,1,6,32.67191774,1051,1
as,1,6,33.06599374,1052,0
it,1,6,33.22616174,1053,0
turned,1,6,33.34239374,1054,1
a,1,6,33.62874474,1055,0
corner,1,6,33.70157774,1056,1
Oh,1,6,34.63545474,1057,0
my,1,6,34.88114474,1058,0
ears,1,6,35.05450274,1059,1
and,1,6,35.33567474,1060,0
whiskers,1,6,35.47355074,1061,1
how,1,6,36.08416274,1062,0
late,1,6,36.21586374,1063,1
it,1,6,36.47340974,1064,0
s,1,6,36.59766974,1065,0
getting,1,6,36.72226874,1066,1
She,1,6,37.65259774,1067,0
was,1,6,37.85613574,1068,0
close,1,6,38.02375474,1069,1
behind,1,6,38.35899274,1070,0
it,1,6,38.77555674,1071,0
when,1,6,38.90974074,1072,0
she,1,6,39.02946874,1073,0
turned,1,6,39.22103374,1074,1
the,1,6,39.52035274,1075,0
corner,1,6,39.59218974,1076,1
but,1,6,40.35844874,1077,0
the,1,6,40.50212174,1078,0
Rabbit,1,6,40.60987674,1079,1
was,1,6,40.98103374,1080,0
no,1,6,41.20851674,1081,0
longer,1,6,41.43599974,1082,1
to,1,6,41.75926474,1083,0
be,1,6,41.92688374,1084,0
seen,1,6,42.06820674,1085,1
she,1,6,43.01640774,1086,0
found,1,6,43.25586374,1087,1
herself,1,6,43.55518274,1088,0
in,1,6,44.05803974,1089,0
a,1,6,44.17776774,1090,0
long,1,6,44.23832374,1091,1
low,1,6,44.72851674,1092,1
hall,1,6,45.13559074,1093,1
which,1,6,45.55463874,1094,0
was,1,6,45.87790374,1095,0
lit,1,6,46.06946874,1096,1
up,1,6,46.30892474,1097,0
by,1,6,46.69205374,1098,0
a,1,6,46.88361874,1099,0
row,1,6,46.99137374,1100,1
of,1,6,47.26674774,1101,0
lamps,1,6,47.36252974,1102,1
hanging,1,6,47.79355074,1103,1
from,1,6,48.09286974,1104,0
the,1,6,48.30838074,1105,0
roof,1,6,48.44008074,1106,1
There,1,6,49.61341474,1107,0
were,1,6,49.79300574,1108,0
doors,1,6,49.91273374,1109,1
all,1,6,50.40361874,1110,0
around,1,6,50.58770274,1111,1
the,1,6,50.91844874,1112,0
hall,1,6,50.99028474,1113,1
but,1,6,51.88824474,1114,0
they,1,6,52.05586374,1115,0
were,1,6,52.23545474,1116,0
all,1,6,52.38352774,1117,0
locked,1,6,52.61858474,1118,1
and,1,6,53.51654374,1119,0
when,1,6,53.64538874,1120,0
Alice,1,6,53.85178174,1121,1
had,1,6,54.21382874,1122,0
been,1,6,54.30674774,1123,0
all,1,6,54.46057374,1124,0
the,1,6,54.71382274,1125,0
way,1,6,54.79763174,1126,1
down,1,6,54.95327874,1127,0
one,1,6,55.24062474,1128,1
side,1,6,55.46810774,1129,1
and,1,6,55.86321074,1130,0
up,1,6,55.94456674,1131,0
the,1,6,56.17450274,1132,0
other,1,6,56.32334174,1133,1
trying,1,6,56.61749574,1134,1
every,1,6,57.04851674,1135,0
door,1,6,57.40769974,1136,1
she,1,6,58.34157774,1137,0
walked,1,6,58.54511474,1138,1
sadly,1,6,58.85640774,1139,1
down,1,6,59.41912874,1140,0
the,1,6,59.70647574,1141,0
middle,1,6,59.77831274,1142,1
wondering,1,6,60.64035274,1143,1
how,1,6,61.19110174,1144,0
she,1,6,61.38266574,1145,0
was,1,6,61.56225774,1146,0
ever,1,6,61.82565874,1147,0
to,1,6,62.10103374,1148,0
get,1,6,62.26865274,1149,1
out,1,6,62.43627174,1150,0
again,1,6,62.66375474,1151,1
Suddenly,1,7,0.586736359,1152,1
she,1,7,1.179532195,1153,0
came,1,7,1.418988195,1154,1
upon,1,7,1.694362195,1155,0
a,1,7,2.051148195,1156,0
little,1,7,2.304974195,1157,1
three,1,7,2.747968195,1158,1
legged,1,7,2.999396195,1159,1
table,1,7,3.370553195,1160,1
all,1,7,4.256539195,1161,0
made,1,7,4.460076195,1162,1
of,1,7,4.711505195,1163,0
solid,1,7,4.795315195,1164,1
glass,1,7,5.274226195,1165,1
there,1,7,6.507423195,1166,0
was,1,7,6.639124195,1167,0
nothing,1,7,6.806743195,1168,1
on,1,7,7.201845195,1169,0
it,1,7,7.440325195,1170,0
except,1,7,7.668784195,1171,0
a,1,7,7.974939195,1172,0
tiny,1,7,8.068009195,1173,1
golden,1,7,8.494906195,1174,1
key,1,7,8.937900195,1175,1
and,1,7,9.835859195,1176,0
Alice's,1,7,10.03939619,1177,1
first,1,7,10.56619919,1178,1
thought,1,7,11.02116519,1179,1
was,1,7,11.60783219,1180,0
that,1,7,11.75150519,1181,0
it,1,7,11.92477219,1182,0
might,1,7,12.05082519,1183,1
belong,1,7,12.30225319,1184,1
to,1,7,12.69735519,1185,0
one,1,7,12.86497419,1186,1
of,1,7,13.03259319,1187,0
the,1,7,13.12837619,1188,0
doors,1,7,13.20021319,1189,1
of,1,7,13.55939619,1190,0
the,1,7,13.65517919,1191,0
hall,1,7,13.75074419,1192,1
but,1,7,15.16375019,1193,0
alas,1,7,15.29534219,1194,0
either,1,7,15.87014419,1195,0
the,1,7,16.21522319,1196,0
locks,1,7,16.32511019,1197,1
were,1,7,16.79204919,1198,0
too,1,7,16.92948519,1199,1
large,1,7,17.13926019,1200,1
or,1,7,17.50658319,1201,0
the,1,7,17.59422619,1202,0
key,1,7,17.69000819,1203,1
was,1,7,17.96538319,1204,0
too,1,7,18.18089319,1205,1
small,1,7,18.33653919,1206,1
but,1,7,19.29436219,1207,0
at,1,7,19.43644819,1208,0
any,1,7,19.57064319,1209,0
rate,1,7,19.88102919,1210,1
it,1,7,20.14443019,1211,0
would,1,7,20.25218519,1212,0
not,1,7,20.40783219,1213,0
open,1,7,20.60956819,1214,1
any,1,7,20.92266119,1215,0
of,1,7,21.19803619,1216,0
them,1,7,21.32973619,1217,0
However,1,7,22.42431519,1218,1
on,1,7,22.98273719,1219,0
the,1,7,23.13762719,1220,0
second,1,7,23.22143719,1221,1
time,1,7,23.65245719,1222,1
round,1,7,23.97572319,1223,1
she,1,7,24.33490619,1224,0
came,1,7,24.56238919,1225,1
upon,1,7,24.86931419,1226,0
a,1,7,25.22428019,1227,0
low,1,7,25.32304019,1228,1
curtain,1,7,25.63994019,1229,1
she,1,7,26.17871619,1230,0
had,1,7,26.40619919,1231,0
not,1,7,26.64565519,1232,0
noticed,1,7,26.83721919,1233,1
before,1,7,27.26824019,1234,1
and,1,7,28.32184519,1235,0
behind,1,7,28.52538319,1236,0
it,1,7,28.97931419,1237,0
was,1,7,29.14796819,1238,0
a,1,7,29.28449919,1239,0
little,1,7,29.37540519,1240,1
door,1,7,29.71068919,1241,1
about,1,7,30.23749119,1242,1
fifteen,1,7,30.57369419,1243,1
inches,1,7,31.08755919,1244,1
high,1,7,31.47068919,1245,1
she,1,7,32.57218519,1246,0
tried,1,7,32.77572319,1247,1
the,1,7,33.15885219,1248,0
little,1,7,33.24266119,1249,1
golden,1,7,33.56592719,1250,1
key,1,7,33.94905619,1251,1
in,1,7,34.20832419,1252,0
the,1,7,34.32021319,1253,0
lock,1,7,34.39204919,1254,1
and,1,7,35.06252519,1255,0
to,1,7,35.24211719,1256,0
her,1,7,35.37381819,1257,0
great,1,7,35.55341019,1258,1
delight,1,7,36.15204919,1259,1
it,1,7,36.60701519,1260,0
fitted,1,7,36.81055319,1261,1
Alice,1,7,38.83395419,1262,1
opened,1,7,39.28013419,1263,1
the,1,7,39.71994019,1264,0
door,1,7,39.80375019,1265,1
and,1,7,40.31858019,1266,0
found,1,7,40.55803619,1267,1
,99,,,1268,0
it,1,7,40.83341019,1269,0
led,1,7,40.93295319,1270,1
into,1,7,41.19259319,1271,0
a,1,7,41.54468219,1272,0
small,1,7,41.59966819,1273,1
passage,1,7,42.04266119,1274,1
not,1,7,43.41953219,1275,0
much,1,7,43.64701519,1276,1
larger,1,7,43.91041719,1277,1
than,1,7,44.25762719,1278,0
a,1,7,44.42524719,1279,0
rat,1,7,44.53300219,1280,1
hole,1,7,44.85626719,1281,1
she,1,7,45.89790019,1282,0
knelt,1,7,46.13735519,1283,1
down,1,7,46.50851219,1284,0
and,1,7,46.96347819,1285,0
looked,1,7,47.13082219,1286,1
along,1,7,47.40647119,1287,1
the,1,7,47.68184519,1288,0
passage,1,7,47.75368219,1289,1
into,1,7,48.65164119,1290,0
the,1,7,48.95096119,1291,0
loveliest,1,7,49.12994919,1292,1
garden,1,7,49.98056919,1293,1
you,1,7,50.33980419,1294,0
ever,1,7,50.57926019,1295,0
saw,1,7,50.86934519,1296,1
How,1,7,52.20755919,1297,0
she,1,7,52.35123319,1298,0
longed,1,7,52.58276819,1299,1
to,1,7,53.05762719,1300,0
get,1,7,53.15341019,1301,1
out,1,7,53.34497419,1302,0
of,1,7,53.50062119,1303,0
that,1,7,53.62034919,1304,0
dark,1,7,53.79994019,1305,1
hall,1,7,54.19504219,1306,1
and,1,7,54.66198119,1307,0
wander,1,7,54.84157319,1308,1
about,1,7,55.27451119,1309,0
among,1,7,55.67966819,1310,1
those,1,7,56.01490619,1311,0
beds,1,7,56.32619919,1312,1
of,1,7,56.68538319,1313,0
bright,1,7,56.82905619,1314,1
flowers,1,7,57.17626719,1315,1
and,1,7,57.79885219,1316,0
those,1,7,57.90660719,1317,0
cool,1,7,58.22987219,1318,1
fountains,1,7,58.51721919,1319,1
but,1,7,59.98987219,1320,0
she,1,7,60.12157319,1321,0
could,1,7,60.30116519,1322,0
not,1,7,60.55259319,1323,0
even,1,7,60.74593719,1324,0
get,1,7,61.01953219,1325,1
her,1,7,61.17517919,1326,0
head,1,7,61.29490619,1327,1
though,1,7,61.67583719,1328,0
the,1,7,61.84565519,1329,0
doorway,1,7,61.96538319,1330,1
and,1,8,0.342,1331,0
even,1,8,0.453316684,1332,0
if,1,8,0.696698684,1333,0
my,1,8,0.960099684,1334,0
head,1,8,1.067854684,1335,1
would,1,8,1.391120684,1336,0
go,1,8,1.582684684,1337,1
through,1,8,1.785899684,1338,0
thought,1,8,2.504589684,1339,1
poor,1,8,2.779963684,1340,1
Alice,1,8,3.043431684,1341,1
it,1,8,4.204725684,1342,0
would,1,8,4.289338684,1343,0
be,1,8,4.480099684,1344,0
of,1,8,4.671664684,1345,0
very,1,8,4.839283684,1346,1
little,1,8,5.279842684,1347,1
use,1,8,5.629487684,1348,1
without,1,8,5.928807684,1349,1
my,1,8,6.240099684,1350,0
shoulders,1,8,6.311936684,1351,1
Oh,1,8,7.545133684,1352,0
how,1,8,7.676834684,1353,0
I,1,8,7.856426684,1354,0
wish,1,8,7.964181684,1355,1
I,1,8,8.251528684,1356,0
could,1,8,8.335337684,1357,0
shut,1,8,8.486719684,1358,1
up,1,8,8.780278684,1359,0
like,1,8,8.957922684,1360,0
a,1,8,9.083297684,1361,0
telescope,1,8,9.137514684,1362,1
I,1,8,10.53833168,1363,0
think,1,8,10.64608668,1364,1
I,1,8,10.96554568,1365,0
could,1,8,11.10105268,1366,0
if,1,8,11.74758268,1367,0
I,1,8,11.94114868,1368,0
only,1,8,12.09754168,1369,1
know,1,8,12.40608668,1370,1
how,1,8,12.57370568,1371,0
to,1,8,12.75329768,1372,0
begin,1,8,12.90864768,1373,1
For,1,8,14.40554168,1374,0
you,1,8,14.57316068,1375,0
see,1,8,14.70486168,1376,1
so,1,8,15.29152868,1377,1
many,1,8,15.60282068,1378,1
out,1,8,15.93805868,1379,0
of,1,8,16.09962068,1380,0
the,1,8,16.23737868,1381,0
way,1,8,16.33316068,1382,1
things,1,8,16.58878068,1383,1
had,1,8,16.91982768,1384,0
happened,1,8,17.03955568,1385,1
lately,1,8,17.54241268,1386,1
that,1,8,18.36853568,1387,0
Alice,1,8,18.49050868,1388,1
had,1,8,18.90731068,1389,0
begun,1,8,19.03901168,1390,1
to,1,8,19.41016768,1391,0
think,1,8,19.48200468,1392,1
that,1,8,19.76935168,1393,0
very,1,8,19.92499768,1394,1
few,1,8,20.24826368,1395,1
things,1,8,20.55240368,1396,1
indeed,1,8,20.93071268,1397,1
were,1,8,21.44554168,1398,0
really,1,8,21.58921568,1399,1
impossible,1,8,21.97234468,1400,1
There,1,8,23.78023568,1401,0
seemed,1,8,24.00771868,1402,1
to,1,8,24.40282068,1403,0
be,1,8,24.47465768,1404,0
no,1,8,24.64227668,1405,0
use,1,8,24.80989568,1406,1
in,1,8,25.19302468,1407,0
waiting,1,8,25.33669868,1408,1
by,1,8,25.67193668,1409,0
the,1,8,25.86350168,1410,0
little,1,8,25.98322968,1411,1
door,1,8,26.27057568,1412,1
so,1,8,27.04880768,1413,0
she,1,8,27.16853568,1414,0
went,1,8,27.34812668,1415,1
back,1,8,27.59955568,1416,1
to,1,8,27.87492968,1417,0
the,1,8,27.97071268,1418,0
table,1,8,28.07846768,1419,1
half,1,8,28.91656268,1420,0
hoping,1,8,29.15601868,1421,1
she,1,8,29.52717468,1422,0
might,1,8,29.70676668,1423,0
find,1,8,29.97016768,1424,1
another,1,8,30.23356968,1425,1
key,1,8,30.60134568,1426,1
on,1,8,30.87189968,1427,0
it,1,8,31.07166468,1428,0
or,1,8,31.56254868,1429,0
at,1,8,31.76500368,1430,0
any,1,8,31.84989568,1431,0
rate,1,8,32.14921568,1432,1
a,1,8,32.46050768,1433,0
book,1,8,32.55502068,1434,1
of,1,8,32.79574668,1435,0
rules,1,8,32.95139268,1436,1
for,1,8,33.37043968,1437,0
shutting,1,8,33.46622268,1438,1
people,1,8,33.88526968,1439,1
up,1,8,34.24679868,1440,0
like,1,8,34.42404568,1441,1
telescopes,1,8,34.62758268,1442,1
this,1,8,36.50731068,1443,0
time,1,8,36.78268468,1444,1
she,1,8,37.18975968,1445,0
found,1,8,37.38132468,1446,1
a,1,8,37.69563868,1447,0
little,1,8,37.82431768,1448,1
bottle,1,8,38.20744668,1449,1
on,1,8,38.63846768,1450,0
it,1,8,38.84414568,1451,0
which,1,8,39.89560968,1452,0
certainly,1,8,40.05125668,1453,1
was,1,8,40.67384168,1454,0
not,1,8,40.89738268,1455,0
here,1,8,41.38023568,1456,0
before,1,8,41.64335668,1457,1
said,1,8,42.48531868,1458,1
Alice,1,8,42.69526868,1459,1
and,1,8,43.65506568,1460,0
,99,,,1461,1
round,1,8,43.78676668,1462,1
the,1,8,44.02622268,1463,0
neck,1,8,44.09805868,1464,1
of,1,8,44.37813868,1465,0
the,1,8,44.50513368,1466,0
bottle,1,8,44.60091668,1467,1
was,1,8,44.98404568,1468,0
a,1,8,45.14867568,1469,0
paper,1,8,45.19955568,1470,1
label,1,8,45.61860368,1471,1
with,1,8,46.21724268,1472,0
the,1,8,46.37288868,1473,0
words,1,8,46.46867168,1474,1
drink,1,8,47.09125668,1475,1
me,1,8,47.47432668,1476,0
beautifully,1,8,48.13288868,1477,1
printed,1,8,48.81763268,1478,1
on,1,8,49.19846768,1479,0
it,1,8,49.41284968,1480,0
in,1,8,49.50975968,1481,0
large,1,8,49.68486368,1482,1
letters,1,8,50.09642668,1483,1
It,1,8,51.05424968,1484,0
was,1,8,51.25778668,1485,0
all,1,8,51.42878868,1486,0
very,1,8,51.71275268,1487,1
well,1,8,52.07193668,1488,1
to,1,8,52.32336568,1489,0
say,1,8,52.38546568,1490,1
Drink,1,8,52.67957768,1491,1
me,1,8,53.07350368,1492,0
but,1,8,53.44880768,1493,0
the,1,8,53.58050768,1494,0
wise,1,8,53.68826368,1495,1
little,1,8,54.20309268,1496,1
Alice,1,8,54.44927568,1497,1
was,1,8,54.90948768,1498,0
not,1,8,55.06830168,1499,0
going,1,8,55.29261668,1500,0
to,1,8,55.54404568,1501,0
do,1,8,55.66377368,1502,1
that,1,8,55.85533768,1503,0
in,1,8,56.19057568,1504,0
a,1,8,56.36615368,1505,0
hurry,1,8,56.44407368,1506,1
No,1,9,0.432017422,1507,0
I,1,9,1.046814784,1508,0
ll,1,9,1.198493784,1509,0
look,1,9,1.394025784,1510,1
first,1,9,1.753209784,1511,1
she,1,9,2.133840784,1512,0
said,1,9,2.351848784,1513,1
and,1,9,2.709578784,1514,0
see,1,9,2.789662784,1515,1
whether,1,9,3.118107784,1516,0
it,1,9,3.441372784,1517,0
s,1,9,3.531518784,1518,0
marked,1,9,3.620964784,1519,1
poison,1,9,3.980148784,1520,1
or,1,9,4.470263784,1521,0
not,1,9,4.591471784,1522,0
for,1,9,5.488719784,1523,0
she,1,9,5.584501784,1524,0
had,1,9,5.805111784,1525,0
read,1,9,5.991576784,1526,1
several,1,9,6.219059784,1527,1
nice,1,9,6.747998784,1528,1
little,1,9,7.069127784,1529,1
histories,1,9,7.308583784,1530,1
about,1,9,7.957913784,1531,0
children,1,9,8.266406784,1532,1
who,1,9,8.711133784,1533,0
’d,1,9,8.810731784,1534,0
gotten,1,9,8.876990784,1535,0
burnt,1,9,9.320012784,1536,1
and,1,9,10.15810778,1537,0
eaten,1,9,10.32572678,1538,1
up,1,9,10.61663678,1539,0
by,1,9,10.82858378,1540,0
wild,1,9,11.00817578,1541,1
beasts,1,9,11.41525078,1542,1
and,1,9,11.95402578,1543,0
other,1,9,12.03786078,1544,0
unpleasant,1,9,12.30624978,1545,1
things,1,9,12.89987678,1546,1
all,1,9,13.70205278,1547,0
because,1,9,13.92953578,1548,0
they,1,9,14.31266578,1549,0
would,1,9,14.48028478,1550,0
not,1,9,14.91130478,1551,0
remember,1,9,15.13878778,1552,1
the,1,9,15.58178078,1553,0
simple,1,9,15.67756378,1554,1
rules,1,9,16.27620278,1555,1
their,1,9,16.70722278,1556,0
friends,1,9,16.85089678,1557,1
had,1,9,17.19810778,1558,0
taught,1,9,17.30586278,1559,1
them,1,9,17.65307378,1560,0
such,1,9,18.37144078,1561,0
as,1,9,18.70667878,1562,0
that,1,9,19.52082878,1563,0
a,1,9,19.65559478,1564,0
red,1,9,19.73351478,1565,1
hot,1,9,20.02368578,1566,1
poker,1,9,20.39484178,1567,1
will,1,9,20.77797178,1568,0
burn,1,9,21.01742778,1569,1
you,1,9,21.42450178,1570,0
if,1,9,21.60409378,1571,0
you,1,9,21.75973978,1572,0
hold,1,9,21.92735978,1573,1
it,1,9,22.18067778,1574,0
too,1,9,22.33868078,1575,1
long,1,9,22.54863078,1576,1
and,1,9,23.23239378,1577,0
that,1,9,23.42395778,1578,0
if,1,9,23.55565878,1579,0
you,1,9,23.67538678,1580,0
cut,1,9,23.79511478,1581,1
your,1,9,24.07048878,1582,0
finger,1,9,24.21416178,1583,1
very,1,9,24.58531878,1584,1
deeply,1,9,25.07620278,1585,1
with,1,9,25.49525078,1586,0
a,1,9,25.69193578,1587,0
knife,1,9,25.74667878,1588,1
it,1,9,26.12185278,1589,0
usually,1,9,26.23756378,1590,1
bleeds,1,9,26.68055678,1591,1
and,1,9,27.87783578,1592,0
she,1,9,27.98678578,1593,0
had,1,9,28.16643278,1594,0
never,1,9,28.28547678,1595,0
forgotten,1,9,28.64409378,1596,1
that,1,9,29.25470578,1597,0
if,1,9,29.45824378,1598,0
you,1,9,29.60191678,1599,0
drink,1,9,29.74559078,1600,1
much,1,9,30.14069278,1601,1
from,1,9,30.46395778,1602,0
a,1,9,30.60070978,1603,0
bottle,1,9,30.66780778,1604,1
marked,1,9,31.05062478,1605,1
poison,1,9,31.44182278,1606,1
it,1,9,32.34368578,1607,0
’s,1,9,32.44232778,1608,0
almost,1,9,32.52403678,1609,1
certain,1,9,32.97824378,1610,1
to,1,9,33.36137278,1611,0
disagree,1,9,33.49307378,1612,1
with,1,9,34.04382178,1613,0
you,1,9,34.21144078,1614,0
sooner,1,9,34.37905978,1615,1
or,1,9,34.78613478,1616,0
later,1,9,34.88191678,1617,1
However,1,9,36.83348178,1618,0
this,1,9,37.27647478,1619,0
bottle,1,9,37.53987678,1620,1
was,1,9,37.86314178,1621,0
not,1,9,38.05395178,1622,0
marked,1,9,38.40191678,1623,1
poison,1,9,38.76524378,1624,1
so,1,9,39.51538678,1625,0
Alice,1,9,39.71759178,1626,1
ventured,1,9,40.16191678,1627,1
to,1,9,40.52110078,1628,0
taste,1,9,40.62885578,1629,1
it,1,9,41.07184878,1630,0
and,1,9,41.65851578,1631,0
finding,1,9,41.83810778,1632,1
it,1,9,42.28110078,1633,0
very,1,9,42.48463778,1634,1
nice,1,9,42.92763178,1635,1
it,1,9,43.77769978,1636,0
had,1,9,43.92081278,1637,1
in,1,9,44.31647478,1638,0
fact,1,9,44.49606678,1639,1
a,1,9,45.05878778,1640,0
sort,1,9,45.12206978,1641,1
of,1,9,45.41779278,1642,0
mixed,1,9,45.59756378,1643,1
flavor,1,9,45.99266578,1644,1
of,1,9,46.52381478,1645,0
cherry,1,9,46.69905978,1646,1
tart,1,9,47.22586278,1647,1
custard,1,9,48.21960378,1648,1
pineapple,1,9,48.97388978,1649,1
roast,1,9,49.95565878,1650,1
turkey,1,9,50.35076078,1651,1
toffee,1,9,50.84164478,1652,1
and,1,9,51.40651578,1653,0
hot,1,9,51.57198478,1654,1
buttered,1,9,51.83538678,1655,1
toast,1,9,52.20247578,1656,1
she,1,9,53.83484178,1657,0
very,1,9,54.08627078,1658,1
soon,1,9,54.39756378,1659,1
finished,1,9,55.04409378,1660,1
it,1,9,55.42390078,1661,0
off,1,9,55.53645078,1662,0
What,1,10,1.051980798,1663,0
a,1,10,1.160767,1664,0
curious,1,10,1.308375,1665,1
feeling,1,10,2.14647,1666,1
said,1,10,2.787119,1667,1
Alice,1,10,3.069088,1668,1
I,1,10,3.670205,1669,0
must,1,10,3.810893,1670,1
be,1,10,4.110007,1671,0
shutting,1,10,4.193817,1672,1
up,1,10,4.602269,1673,0
like,1,10,4.780483,1674,0
a,1,10,4.907454,1675,0
telescope,1,10,5.004853,1676,1
And,1,10,6.456674,1677,0
so,1,10,6.616548,1678,0
it,1,10,6.895759,1679,0
was,1,10,7.007422,1680,0
indeed,1,10,7.246878,1681,1
she,1,10,8.24062,1682,0
was,1,10,8.396266,1683,0
now,1,10,8.575858,1684,1
only,1,10,8.851232,1685,1
ten,1,10,9.078715,1686,1
inches,1,10,9.354089,1687,1
high,1,10,9.737218,1688,1
and,1,10,10.371776,1689,0
her,1,10,10.52606,1690,0
face,1,10,10.623205,1691,1
brightened,1,10,11.042252,1692,1
up,1,10,11.395356,1693,0
at,1,10,11.581028,1694,0
the,1,10,11.688783,1695,0
thought,1,10,11.856402,1696,1
that,1,10,12.167694,1697,0
she,1,10,12.335313,1698,0
was,1,10,12.514905,1699,0
now,1,10,12.742388,1700,1
the,1,10,12.969871,1701,0
right,1,10,13.13749,1702,1
size,1,10,13.364973,1703,1
for,1,10,13.772048,1704,0
going,1,10,13.891776,1705,1
through,1,10,14.286878,1706,0
the,1,10,14.514361,1707,0
little,1,10,14.598171,1708,1
door,1,10,14.933409,1709,1
into,1,10,15.376402,1710,0
that,1,10,15.670657,1711,0
lovely,1,10,15.891232,1712,1
garden,1,10,16.214497,1713,1
First,1,10,17.782932,1714,1
however,1,10,18.166062,1715,0
she,1,10,18.513273,1716,0
waited,1,10,18.728783,1717,1
for,1,10,19.075994,1718,0
a,1,10,19.363341,1719,0
few,1,10,19.399259,1720,1
minutes,1,10,19.674633,1721,1
to,1,10,20.47681,1722,0
see,1,10,20.596538,1723,1
if,1,10,20.788103,1724,0
she,1,10,20.931776,1725,0
was,1,10,21.123341,1726,0
going,1,10,21.302932,1727,0
to,1,10,21.566334,1728,0
shrink,1,10,21.638171,1729,1
any,1,10,21.978912,1730,0
further,1,10,22.200892,1731,1
she,1,10,23.18266,1732,0
felt,1,10,23.370085,1733,1
a,1,10,23.69749,1734,0
little,1,10,23.761846,1735,1
nervous,1,10,24.068647,1736,1
about,1,10,24.487694,1737,0
this,1,10,24.787014,1738,0
for,1,10,25.876538,1739,0
it,1,10,26.066158,1740,0
might,1,10,26.126762,1741,0
end,1,10,26.511096,1742,1
you,1,10,26.894225,1743,0
know,1,10,27.063155,1744,1
said,1,10,27.528783,1745,1
Alice,1,10,27.755772,1746,1
to,1,10,28.127422,1747,0
herself,1,10,28.24715,1748,0
in,1,10,29.169055,1749,0
my,1,10,29.291711,1750,0
going,1,10,29.444429,1751,1
out,1,10,29.8826,1752,0
altogether,1,10,30.043068,1753,1
like,1,10,30.641708,1754,0
a,1,10,30.917082,1755,0
candle,1,10,30.976946,1756,1
I,1,10,32.341844,1757,0
wonder,1,10,32.473545,1758,1
what,1,10,32.844701,1759,0
I,1,10,33.000347,1760,0
should,1,10,33.09613,1761,0
be,1,10,33.347558,1762,0
like,1,10,33.479259,1763,1
then,1,10,33.802524,1764,0
And,1,10,35.200401,1765,0
she,1,10,35.299123,1766,0
tried,1,10,35.442796,1767,1
to,1,10,35.658307,1768,0
fancy,1,10,35.813953,1769,1
what,1,10,36.292864,1770,0
the,1,10,36.484429,1771,0
flame,1,10,36.568239,1772,1
of,1,10,36.915449,1773,0
a,1,10,37.035177,1774,0
candle,1,10,37.095041,1775,1
is,1,10,37.564513,1776,1
like,1,10,37.753545,1777,1
after,1,10,38.136674,1778,1
the,1,10,38.447966,1779,0
candle,1,10,38.579667,1780,1
is,1,10,39.027666,1781,0
blown,1,10,39.202252,1782,1
out,1,10,39.464076,1783,0
for,1,10,40.207966,1784,0
she,1,10,40.327694,1785,0
could,1,10,40.495313,1786,0
not,1,10,40.67832,1787,0
remember,1,10,40.926334,1788,1
having,1,10,41.357354,1789,0
ever,1,10,41.776402,1790,0
seen,1,10,42.11164,1791,1
such,1,10,42.446878,1792,1
a,1,10,42.681776,1793,0
thing,1,10,42.758171,1794,1
After,1,10,43.835722,1795,1
a,1,10,44.265333,1796,0
while,1,10,44.362524,1797,0
finding,1,10,44.841436,1798,1
that,1,10,45.236538,1799,0
nothing,1,10,45.404157,1800,1
more,1,10,45.775313,1801,1
happened,1,10,45.974426,1802,1
she,1,10,46.816946,1803,0
decided,1,10,46.996538,1804,1
on,1,10,47.534175,1805,0
going,1,10,47.738851,1806,1
into,1,10,48.055802,1807,0
the,1,10,48.313545,1808,0
garden,1,10,48.433273,1809,1
at,1,10,48.799561,1810,0
once,1,10,48.948103,1811,1
but,1,10,50.145381,1812,0
alas,1,10,50.268403,1813,0
for,1,10,50.755994,1814,0
poor,1,10,50.839803,1815,1
Alice,1,10,51.132009,1816,1
when,1,10,51.606062,1817,0
she,1,10,51.737762,1818,0
got,1,10,51.905381,1819,1
to,1,10,52.204701,1820,0
the,1,10,52.324429,1821,0
door,1,10,52.468103,1822,1
she,1,10,53.330143,1823,0
found,1,10,53.535131,1824,1
she,1,10,53.868919,1825,0
d,1,10,54.037468,1826,0
forgotten,1,10,54.104375,1827,1
the,1,10,54.599259,1828,0
little,1,10,54.697428,1829,1
golden,1,10,55.030279,1830,1
key,1,10,55.413409,1831,1
and,1,10,56.347286,1832,0
when,1,10,56.497428,1833,0
she,1,10,56.646606,1834,0
went,1,10,56.802252,1835,1
back,1,10,56.993817,1836,1
to,1,10,57.245245,1837,0
the,1,10,57.353,1838,0
table,1,10,57.460756,1839,1
for,1,10,57.843885,1840,0
it,1,10,58.204357,1841,0
she,1,10,58.670007,1842,0
found,1,10,58.874526,1843,1
she,1,10,59.124973,1844,0
could,1,10,59.244701,1845,0
not,1,10,59.448239,1846,0
possibly,1,10,59.855313,1847,1
reach,1,10,60.430007,1848,1
it,1,10,60.784961,1849,0
she,1,11,0.27448538,1850,0
could,1,11,0.489783265,1851,0
see,1,11,0.701863265,1852,1
it,1,11,1.064477265,1853,0
quite,1,11,1.279987265,1854,1
plainly,1,11,1.615225265,1855,1
through,1,11,2.130055265,1856,0
the,1,11,2.369511265,1857,0
glass,1,11,2.453320265,1858,1
and,1,11,3.578762265,1859,0
she,1,11,3.695823265,1860,0
tried,1,11,3.866109265,1861,1
her,1,11,4.201347265,1862,0
best,1,11,4.333048265,1863,1
to,1,11,4.895769265,1864,0
climb,1,11,4.979579265,1865,1
up,1,11,5.303189265,1866,0
one,1,11,5.494409265,1867,1
of,1,11,5.650055265,1868,0
the,1,11,5.733864265,1869,0
legs,1,11,5.865565265,1870,1
of,1,11,6.188830265,1871,0
the,1,11,6.272640265,1872,0
table,1,11,6.356450265,1873,1
but,1,11,7.278354265,1874,0
it,1,11,7.393222265,1875,0
was,1,11,7.505837265,1876,0
too,1,11,7.685429265,1877,1
slippery,1,11,7.875889265,1878,1
and,1,11,9.194001265,1879,0
when,1,11,9.325252265,1880,0
she,1,11,9.469375265,1881,0
had,1,11,9.660939265,1882,0
tired,1,11,9.828558265,1883,1
herself,1,11,10.29549727,1884,0
out,1,11,10.74864127,1885,0
with,1,11,10.94202827,1886,0
trying,1,11,11.12162027,1887,1
the,1,11,12.16325227,1888,0
poor,1,11,12.25903527,1889,1
little,1,11,12.56379227,1890,1
thing,1,11,12.84733227,1891,1
sat,1,11,13.14502127,1892,1
down,1,11,13.46828627,1893,0
and,1,11,13.72765427,1894,0
cried,1,11,13.87483527,1895,1
Come,1,11,16.28696427,1896,1
there,1,11,16.54529327,1897,0
s,1,11,16.65188127,1898,0
no,1,11,17.00025927,1899,0
use,1,11,17.33454727,1900,1
,99,,,1901,0
crying,1,11,17.69468127,1902,1
like,1,11,18.20817227,1903,1
that,1,11,18.42677927,1904,0
said,1,11,19.08352427,1905,1
Alice,1,11,19.30694727,1906,1
to,1,11,19.76597327,1907,0
herself,1,11,19.90000027,1908,0
rather,1,11,20.38855827,1909,1
sharply,1,11,20.66404327,1910,1
I,1,11,21.80822127,1911,0
advise,1,11,21.95540227,1912,1
you,1,11,22.55711327,1913,0
to,1,11,22.68048627,1914,0
leave,1,11,22.80385827,1915,1
off,1,11,23.05060327,1916,0
this,1,11,23.38175627,1917,0
minute,1,11,23.77055327,1918,1
She,1,11,25.46502127,1919,0
generally,1,11,25.67877427,1920,1
gave,1,11,26.12352427,1921,1
herself,1,11,26.38692627,1922,0
very,1,11,26.79400127,1923,1
good,1,11,27.15318427,1924,1
advice,1,11,27.34890827,1925,1
though,1,11,28.04368927,1926,0
she,1,11,28.13459527,1927,0
very,1,11,28.35046327,1928,1
seldom,1,11,28.67372827,1929,1
followed,1,11,29.14066727,1930,1
it,1,11,29.57962927,1931,0
and,1,11,30.36189227,1932,0
sometimes,1,11,30.50952927,1933,1
she,1,11,31.09223227,1934,0
scolded,1,11,31.20863927,1935,1
herself,1,11,31.67889927,1936,0
so,1,11,32.12189227,1937,0
severely,1,11,32.44382327,1938,1
as,1,11,33.13957927,1939,0
to,1,11,33.30719827,1940,0
bring,1,11,33.41495327,1941,1
tears,1,11,33.67835427,1942,1
into,1,11,34.09880627,1943,0
her,1,11,34.31291227,1944,0
eyes,1,11,34.54251427,1945,1
she,1,11,35.46230027,1946,0
once,1,11,35.62991927,1947,1
,99,,,1948,0
remembered,1,11,35.98910327,1949,1
trying,1,11,36.43209627,1950,1
to,1,11,36.74338827,1951,0
box,1,11,36.82719827,1952,1
her,1,11,37.29413727,1953,0
own,1,11,37.40227927,1954,1
ears,1,11,37.64134727,1955,1
for,1,11,38.03645027,1956,0
having,1,11,38.14420527,1957,0
cheated,1,11,38.44352427,1958,1
herself,1,11,38.86029927,1959,0
in,1,11,39.36028127,1960,0
a,1,11,39.47716127,1961,0
game,1,11,39.53304827,1962,1
of,1,11,39.81697627,1963,0
croquet,1,11,39.95209627,1964,1
she,1,11,40.41903527,1965,0
was,1,11,40.62257227,1966,0
playing,1,11,40.81413727,1967,1
against,1,11,41.15605227,1968,1
herself,1,11,41.62828627,1969,0
for,1,11,42.80162027,1970,0
this,1,11,42.93332027,1971,0
curious,1,11,43.19672227,1972,1
child,1,11,43.73549727,1973,1
was,1,11,44.15454527,1974,0
,99,,,1975,1
fond,1,11,44.42991927,1976,1
of,1,11,44.78418927,1977,0
pretending,1,11,44.92080327,1978,1
to,1,11,45.44760627,1979,0
be,1,11,45.53141627,1980,0
two,1,11,45.73495327,1981,1
people,1,11,45.96243627,1982,1
But,1,11,47.53087127,1983,0
it,1,11,47.61445627,1984,0
s,1,11,47.73785527,1985,0
no,1,11,47.87808227,1986,0
use,1,11,48.21969227,1987,1
now,1,11,48.56600027,1988,1
thought,1,11,49.42094927,1989,1
poor,1,11,49.59019127,1990,1
Alice,1,11,49.92542927,1991,1
to,1,11,50.31621827,1992,0
pretend,1,11,50.44025927,1993,1
to,1,11,50.87127927,1994,0
be,1,11,50.94311627,1995,0
two,1,11,51.15862627,1996,1
people,1,11,51.42202827,1997,1
Why,1,11,51.84107527,1998,0
there,1,11,52.37985127,1999,0
s,1,11,52.51428327,2000,0
hardly,1,11,52.65522527,2001,1
enough,1,11,53.05558027,2002,1
of,1,11,53.42148427,2003,0
me,1,11,53.64896727,2004,0
,99,,,2005,1
to,1,11,53.79717427,2006,0
make,1,11,53.89024527,2007,1
one,1,11,54.21168827,2008,1
respectable,1,11,54.51732527,2009,1
person,1,11,55.33114927,2010,1
Soon,1,12,0.229476225,2011,1
her,1,12,0.504358225,2012,0
eye,1,12,0.658032225,2013,1
fell,1,12,0.974924225,2014,1
on,1,12,1.266236225,2015,0
a,1,12,1.441863225,2016,0
little,1,12,1.515146225,2017,1
glass,1,12,1.801046225,2018,1
box,1,12,2.220094225,2019,1
that,1,12,2.687033225,2020,0
was,1,12,2.794788225,2021,0
lying,1,12,2.926489225,2022,1
under,1,12,3.293501225,2023,0
the,1,12,3.561046225,2024,0
table,1,12,3.644856225,2025,1
she,1,12,4.698461225,2026,0
opened,1,12,4.925944225,2027,1
it,1,12,5.309074225,2028,0
and,1,12,5.883767225,2029,0
found,1,12,6.135196225,2030,1
in,1,12,6.460615225,2031,0
it,1,12,6.605632225,2032,0
a,1,12,6.759306225,2033,0
very,1,12,6.841591225,2034,1
small,1,12,7.215196225,2035,1
cake,1,12,7.643767225,2036,1
on,1,12,8.613563225,2037,0
which,1,12,8.733291225,2038,0
the,1,12,9.008665225,2039,0
words,1,12,9.116421225,2040,1
eat,1,12,9.686169225,2041,1
me,1,12,9.997846225,2042,0
were,1,12,10.76866522,2043,0
beautifully,1,12,11.02009422,2044,1
marked,1,12,11.58281522,2045,1
in,1,12,11.93204022,2046,0
currants,1,12,12.06623522,2047,1
Well,1,12,14.03723722,2048,0
I,1,12,14.85138722,2049,0
ll,1,12,14.97902622,2050,0
eat,1,12,15.12676122,2051,1
it,1,12,15.36356422,2052,0
said,1,12,15.84512822,2053,1
Alice,1,12,16.09655722,2054,1
and,1,12,16.51640022,2055,0
if,1,12,16.62895022,2056,0
it,1,12,16.79561122,2057,0
makes,1,12,16.92267922,2058,1
me,1,12,17.18608022,2059,0
grow,1,12,17.35369922,2060,1
larger,1,12,17.58482322,2061,1
I,1,12,18.06009422,2062,0
can,1,12,18.17982222,2063,0
reach,1,12,18.36185322,2064,1
the,1,12,18.65873322,2065,0
key,1,12,18.76648922,2066,1
and,1,12,19.66444822,2067,0
if,1,12,19.79822922,2068,0
it,1,12,19.92784922,2069,0
makes,1,12,20.05955022,2070,1
me,1,12,20.31097822,2071,0
grow,1,12,20.45465222,2072,1
smaller,1,12,20.63520822,2073,1
I,1,12,21.61601222,2074,0
can,1,12,21.75968622,2075,0
creep,1,12,21.96322322,2076,1
under,1,12,22.27451622,2077,0
the,1,12,22.50199922,2078,0
door,1,12,22.60975422,2079,
so,1,12,23.48376722,2080,0
either,1,12,23.69927822,2081,0
way,1,12,24.01057022,2082,1
I,1,12,24.23805322,2083,0
ll,1,12,24.29119422,2084,0
get,1,12,24.35778122,2085,1
into,1,12,24.52312722,2086,0
the,1,12,24.77682922,2087,0
garden,1,12,24.87261122,2088,1
and,1,12,25.60295122,2089,0
I,1,12,25.73520622,2090,0
do,1,12,25.88671622,2091,0
nt,99,12,26.00582122,2092,0
care,1,12,26.04594422,2093,1
which,1,12,26.27342722,2094,0
happens,1,12,26.52874722,2095,1
She,1,12,28.09329122,2096,0
ate,1,12,28.36866522,2097,0
a,1,12,28.62009422,2098,0
little,1,12,28.73304122,2099,1
bit,1,12,29.23070622,2100,1
and,1,12,30.29628522,2101,0
said,1,12,30.38440322,2102,1
anxiously,1,12,30.59651722,2103,1
to,1,12,31.20621622,2104,0
herself,1,12,31.35759122,2105,0
Which,1,12,32.59506022,2106,0
way,1,12,32.88134922,2107,1
Which,1,12,33.90446822,2108,0
way,1,12,34.20039122,2109,1
holding,1,12,35.41247022,2110,1
her,1,12,35.71116122,2111,0
hand,1,12,35.81574022,2112,1
on,1,12,36.16272222,2113,0
the,1,12,36.28267922,2114,0
top,1,12,36.35451622,2115,1
of,1,12,36.64186322,2116,0
her,1,12,36.71369922,2117,0
head,1,12,36.85737322,2118,1
to,1,12,37.14472022,2119,0
feel,1,12,37.28839322,2120,1
which,1,12,37.62363122,2121,0
way,1,12,37.84378222,2122,1
it,1,12,38.04267922,2123,0
was,1,12,38.19832522,2124,0
growing,1,12,38.36594422,2125,1
and,1,12,39.52730522,2126,0
she,1,12,39.62012722,2127,0
was,1,12,39.79070622,2128,0
quite,1,12,39.97029822,2129,1
surprised,1,12,40.22183822,2130,1
to,1,12,40.96404022,2131,0
find,1,12,41.03587622,2132,1
that,1,12,41.34246222,2133,0
she,1,12,41.45492422,2134,0
remained,1,12,41.64648922,2135,1
the,1,12,42.05356322,2136,0
same,1,12,42.12540022,2137,1
size,1,12,42.44866522,2138,1
to,1,12,43.71778122,2139,0
be,1,12,43.87342722,2140,0
sure,1,12,43.99315522,2141,1
this,1,12,44.34292322,2142,0
,99,,,2143,0
,99,,,2144,0
generally,1,12,44.65165922,2145,1
happens,1,12,45.22635322,2146,1
when,1,12,45.67792422,2147,0
one,1,12,45.89682922,2148,1
eats,1,12,46.06444822,2149,1
cake,1,12,46.32784922,2150,1