Order,praatword,distance
1,alice,14.779698
2,was,4.044680
3,beginning,5.293210
4,to,0.220671
5,get,3.148003
6,very,7.768575
7,tired,7.957665
8,of,0.723263
9,sitting,10.507539
10,by,6.188073
11,her,3.797765
12,sister,7.748385
13,on,5.560535
14,the,0.488383
15,bank,5.915475
16,and,3.114718
17,of,6.174419
18,having,7.448883
19,nothing,7.951990
20,to,2.229844
21,do,3.109596
22,once,8.051552
23,or,4.648012
24,twice,5.489234
25,she,2.188452
26,had,2.482031
27,peeped,8.887130
28,into,3.315270
29,the,0.529569
30,book,9.541262
31,her,6.721509
32,sister,8.462628
33,was,3.717177
34,reading,7.846554
35,but,4.945704
36,it,3.302754
37,had,3.297777
38,no,5.307233
39,pictures,11.244164
40,or,4.321159
41,conversations,10.465158
42,in,3.203094
43,it,3.925544
44,and,3.455259
45,what,5.606396
46,is,4.343595
47,the,1.854500
48,use,2.120270
49,of,0.809236
50,a,2.389989
51,book,6.802922
52,thought,12.050936
53,alice,15.775514
54,without,7.517490
55,pictures,8.823668
56,or,3.846707
57,conversations,11.010475
58,so,5.138149
59,she,1.566174
60,was,3.437921
61,considering,8.179562
62,in,4.492352
63,her,2.803870
64,own,2.690724
65,mind,5.850441
66,as,3.365181
67,well,3.663582
68,as,0.195385
69,she,1.039164
70,could,2.622768
71,for,6.318386
72,the,1.914520
73,hot,9.777020
74,day,6.607802
75,made,9.078485
76,her,2.388315
77,feel,1.856356
78,very,3.586192
79,sleepy,9.886946
80,and,3.282480
81,stupid,7.288047
82,whether,9.119086
83,the,3.146336
84,pleasure,8.413229
85,of,1.532038
86,making,6.327723
87,a,3.952857
89,chain,6.487394
90,would,4.706851
91,be,1.673743
92,worth,6.316566
93,the,2.875048
94,trouble,6.316602
95,of,2.577059
96,getting,5.604503
97,up,3.134601
98,and,3.401269
99,picking,9.676225
100,the,2.177790
101,daisies,12.548289
102,when,5.968267
103,suddenly,8.168900
104,a,5.321520
105,white,7.974230
106,rabbit,10.258451
107,with,3.861331
108,pink,7.212633
109,eyes,3.868621
110,ran,7.646932
111,close,7.732260
112,by,6.272832
113,her,2.153380
114,there,3.932845
115,was,1.310323
116,nothing,2.842758
117,so,3.907948
118,very,5.554585
119,remarkable,9.758083
120,in,1.864626
121,that,3.627537
122,nor,8.889894
123,did,7.242568
124,alice,15.825503
125,think,9.782877
126,it,5.000183
127,so,5.242103
128,very,5.370512
129,much,1.927946
130,out,8.011444
131,of,0.988489
132,the,1.050519
133,way,3.058765
134,to,3.290206
135,hear,5.227159
136,the,0.878017
137,rabbit,10.352278
138,say,7.925708
139,to,3.881783
140,itself,8.772203
141,oh,9.352919
142,dear,6.458390
143,oh,5.031639
144,dear,5.154912
145,i,2.495622
146,shall,3.720030
149,late,6.457763
150,when,4.727801
151,she,1.633683
152,thought,5.683576
153,it,2.441098
154,over,6.836568
155,afterwards,7.863552
156,it,4.205622
157,occurred,5.806537
158,to,0.363470
159,her,0.258939
160,that,0.951487
161,she,1.794175
162,ought,4.967134
163,to,0.272621
164,have,2.253421
165,wondered,8.383188
166,at,5.863620
167,this,4.603239
168,but,6.368808
169,at,5.445236
170,the,1.529127
171,time,2.181018
172,it,4.530926
173,all,6.642378
174,seemed,1.629382
175,quite,5.265254
176,natural,5.316218
177,but,5.062799
178,when,5.583308
179,the,2.657469
180,rabbit,11.137509
181,actually,9.897762
182,took,5.497225
183,a,3.413627
184,watch,10.049769
185,out,7.235528
186,of,0.157320
187,its,3.797541
189,POCKET,6.630927
190,and,3.235976
191,looked,6.175284
192,at,0.910737
193,it,3.024727
194,and,3.278996
195,then,3.919580
196,hurried,8.218147
197,on,2.593913
198,alice,13.739522
199,started,10.589605
200,to,1.442438
201,her,1.552884
202,feet,2.466256
203,for,6.726885
204,it,4.357545
205,flashed,9.519935
206,across,6.230099
207,her,2.486101
208,mind,2.942838
209,that,2.952526
210,she,1.550038
211,had,1.884424
212,never,3.911194
213,before,4.858757
214,seen,5.160415
215,a,3.849808
216,rabbit,8.613960
217,with,4.108500
218,either,7.218804
219,a,4.379451
221,pocket,4.870450
222,or,3.077339
223,a,1.876844
224,watch,9.405559
225,to,4.664404
226,take,5.685474
227,out,4.056028
228,of,2.134456
229,it,5.053825
230,and,2.943331
231,burning,9.905005
232,with,2.614995
233,curiosity,8.236056
234,she,4.650300
235,ran,6.700887
236,across,3.551797
237,the,0.696475
238,field,8.531192
239,after,7.929365
240,it,3.185108
241,and,1.467843
242,fortunately,10.477908
243,was,6.373485
244,just,5.590474
245,in,4.128235
246,time,5.202838
247,to,1.862417
248,see,1.824585
249,it,4.325520
250,pop,13.125255
251,down,8.809883
252,a,3.624247
253,large,5.287625
255,hole,2.907588
256,under,6.986541
257,the,0.148680
258,hedge,7.702411
259,in,4.420271
260,another,4.365048
261,moment,2.336699
262,down,10.813293
263,went,8.620173
264,alice,14.651118
265,after,5.515245
266,it,4.704664
267,never,9.387888
268,once,5.061571
269,considering,10.989270
270,how,6.622540
271,in,6.517302
272,the,1.008714
273,world,1.624630
274,she,2.246161
275,was,2.777839
276,to,3.461758
277,get,3.231757
278,out,2.403586
279,again,4.745492
280,the,2.720654
282,hole,4.592305
283,went,5.725074
284,straight,4.076898
285,on,4.296343
286,like,5.855742
287,a,0.584332
288,tunnel,8.869520
289,for,5.812933
290,some,3.760458
291,way,7.210865
292,and,2.441745
293,then,1.832470
294,dipped,12.082988
295,suddenly,6.392594
296,down,3.552598
297,so,6.888218
298,suddenly,4.800262
299,that,2.631786
300,alice,15.175427
301,had,5.594618
302,not,4.487158
303,a,4.406876
304,moment,5.478606
305,to,3.444538
306,think,7.226402
307,about,4.832485
308,stopping,10.697564
309,herself,7.088475
310,before,6.120040
311,she,2.333624
312,found,3.764228
313,herself,1.048968
314,falling,8.892845
315,down,2.971539
320,a,4.410105
321,very,7.392910
322,deep,6.979341
323,well,8.665169
324,either,10.065101
325,the,2.116563
326,well,9.857953
327,was,2.974867
328,very,3.967391
329,deep,7.792035
330,or,6.026963
331,she,3.621368
332,fell,7.787295
333,very,5.005581
334,slowly,4.048788
335,for,5.215095
336,she,3.220225
337,had,2.545434
338,plenty,9.591745
339,of,0.581625
340,time,3.961389
341,as,5.112488
342,she,1.019835
343,went,2.879086
344,down,3.445868
345,to,1.125614
346,look,5.602963
347,about,4.608773
348,her,2.031240
349,and,2.933134
350,to,3.815779
351,wonder,7.077066
352,what,1.333304
353,was,4.049424
354,going,6.203794
355,to,0.692227
356,happen,3.985312
357,next,7.425194
358,first,7.366724
359,she,3.025401
360,tried,6.535554
361,to,0.104743
362,look,4.909766
363,down,4.114605
364,and,2.468232
365,make,7.592083
366,out,3.030478
367,what,4.586336
368,she,1.621816
369,was,2.128802
370,coming,5.850839
371,to,1.039303
372,but,8.620205
373,it,4.366021
374,was,0.902385
375,too,5.004644
376,dark,3.999591
377,to,3.859315
378,see,2.887574
379,anything,7.068711
380,then,7.201348
381,she,1.451045
382,looked,3.974875
383,at,1.231962
384,the,2.402094
385,sides,9.368009
386,of,1.913116
387,the,1.287580
388,well,8.919146
389,and,2.788577
390,noticed,10.279832
391,that,1.468754
392,they,4.279695
393,were,0.814795
394,filled,6.487445
395,with,1.144064
396,cupboards,14.138805
397,and,2.289931
398,book-shelves,5.253473
399,here,8.876446
400,and,2.783422
401,there,3.145518
402,she,3.935135
403,saw,5.385937
404,maps,14.547192
405,and,1.636740
406,pictures,8.448526
407,hung,8.607262
409,on,4.170627
410,pegs,14.945469
411,she,2.227985
412,took,5.208725
413,down,4.972594
414,a,2.738808
415,jar,11.000338
416,from,4.302155
417,one,4.540059
418,of,1.939248
419,the,0.175035
420,shelves,11.669497
421,as,4.696987
422,she,0.786213
423,passed,5.212543
424,it,2.050195
425,was,5.528649
426,labelled,13.657439
427,orange,10.914642
428,marmalade,14.570306
429,but,5.547696
430,to,5.204041
431,her,2.308661
432,great,5.905861
433,disappointment,9.775286
434,it,4.589028
435,was,1.311479
436,empty,6.507949
437,she,5.579169
438,did,4.207930
439,not,0.114895
440,like,4.896749
441,to,1.517081
442,drop,8.860893
443,the,2.857184
444,jar,10.778257
445,for,5.249854
446,fear,5.494713
447,of,2.817606
448,killing,11.862862
449,somebody,8.571947
451,so,6.159896
453,managed,11.567425
454,to,0.083706
455,put,5.881855
456,it,4.316558
457,into,1.927646
458,one,4.993764
459,of,2.196792
460,the,0.566554
461,cupboards,13.801085
462,as,6.241968
463,she,1.468657
464,fell,5.624709
465,past,5.872184
466,it,2.698751
467,well,4.529534
468,thought,10.500004
469,alice,15.571474
470,to,3.903123
471,herself,5.948802
472,after,5.298974
473,such,5.284933
474,a,0.503787
475,fall,10.350461
476,as,2.702381
477,this,4.555998
478,i,7.977095
479,shall,4.328080
480,think,5.032627
481,nothing,5.657362
482,of,1.781199
483,tumbling,13.346615
484,down,4.274329
485,stairs,12.933224
486,how,4.860347
487,brave,8.476870
488,they,3.624206
489,'ll,5.225483
490,all,6.299228
491,think,5.467057
492,me,7.149284
493,at,4.990296
494,home,3.743307
495,why,5.665193
496,i,3.494234
497,would,5.377274
498,n't,1.209946
499,say,5.158884
500,anything,4.455608
501,about,2.177418
502,it,2.368559
503,even,5.585217
504,if,3.125558
505,i,1.332529
506,fell,8.071753
507,off,4.671865
508,the,3.307684
509,top,8.131372
510,of,0.129103
511,the,1.270411
512,house,5.096348
513,which,8.604435
514,was,2.078273
515,very,5.505036
516,likely,5.870733
517,true,8.143705
518,down,9.489477
519,down,6.168746
520,down,7.063865
521,would,7.324188
522,the,4.493713
523,fall,7.835337
524,never,9.155062
525,come,4.817398
526,to,1.100399
527,an,5.267784
528,end,1.148286
529,i,2.495622
530,wonder,4.869500
531,how,3.275002
532,many,4.838246
533,miles,8.208126
534,i,4.081452
535,'ve,3.535187
536,fallen,6.735924
537,by,6.900067
538,this,4.479616
539,time,3.197302
540,she,2.227983
541,said,3.851156
542,aloud,6.077227
543,i,2.495622
544,must,4.814918
545,be,2.533665
546,getting,7.842388
547,somewhere,8.103828
548,near,7.267429
549,the,0.813015
550,centre,10.289105
551,of,0.452003
552,the,0.930990
553,earth,5.237030
554,let,6.064061
555,me,1.682938
556,see,2.598706
557,that,2.943877
558,would,7.412357
559,be,0.782747
560,four,8.122172
561,thousand,4.318107
562,miles,2.900796
563,down,5.754698
564,i,4.398333
565,think,2.792198
566,for,5.588805
567,you,2.913767
568,see,6.522501
569,alice,15.651657
570,had,7.281080
571,learnt,8.677687
572,several,7.796198
573,things,2.770870
574,of,3.912772
575,this,4.836971
576,sort,5.949537
577,in,4.037198
578,her,4.959473
579,lessons,10.682131
580,in,4.912017
581,the,1.722133
583,room,9.416910
584,and,3.153049
585,though,6.118499
586,this,4.496457
587,was,2.760771
588,not,2.530077
589,a,2.975206
590,very,4.343544
591,good,4.874990
592,opportunity,9.056042
593,for,1.818176
594,showing,10.877390
595,off,9.498759
596,her,2.404302
597,knowledge,7.518866
598,as,4.338428
599,there,5.960185
600,was,2.531062
601,no,1.642977
602,one,2.410646
603,to,3.739255
604,listen,7.347656
605,to,1.305889
606,her,1.653152
607,still,7.581463
608,it,5.771428
609,was,1.540814
610,good,6.081357
611,practice,11.358946
612,to,2.975432
613,say,4.173025
614,it,3.725546
615,over,5.809715
616,yes,9.312653
617,that,2.382591
618,'s,5.159416
619,about,6.871900
620,the,1.805704
621,right,4.929861
622,distance,10.123735
623,but,5.530003
624,then,4.900473
625,i,2.607544
626,wonder,4.905969
627,what,2.133328
628,latitude,14.906160
629,or,4.804426
630,longitude,13.447110
631,i,4.158790
632,'ve,4.062784
633,got,2.735538
634,to,0.990954
635,alice,14.779698
636,had,4.570048
637,no,5.081312
640,idea,3.145773
641,what,3.291011
642,latitude,13.927038
643,was,3.730415
644,or,4.889287
645,longitude,14.067681
646,either,8.952679
647,but,4.816998
649,thought,9.087549
650,they,3.272324
651,were,2.498041
652,nice,8.203782
653,grand,11.337787
654,words,6.203681
655,to,3.115518
656,say,5.593689
657,presently,7.464717
658,she,0.991571
659,began,4.351150
660,again,3.888137
661,i,2.495622
662,wonder,4.869500
663,if,1.980282
664,i,1.886045
665,shall,5.694578
666,fall,8.316795
667,right,5.747950
668,through,4.727098
669,the,0.447935
670,earth,5.240467
671,how,4.860350
672,funny,5.366899
673,it,1.546553
674,'ll,6.646924
675,seem,4.889279
676,to,0.762968
677,come,5.074173
678,out,3.763842
679,among,7.921113
680,the,0.462494
681,people,7.107875
682,that,3.202047
683,walk,9.590452
684,with,4.353902
685,their,3.823726
686,heads,3.477355
687,downward,11.520328
688,the,2.720654
689,antipathies,4.592305
690,i,6.321887
691,think,2.467648
692,she,2.739116
693,was,3.023465
694,rather,5.879258
695,glad,3.110576
696,there,7.029305
697,was,1.258615
698,no,1.913665
699,one,2.840323
700,listening,10.107976
701,this,5.489826
702,time,1.691494
703,as,4.538389
704,it,3.257018
705,did,4.256596
706,n't,5.793091
707,sound,5.402996
708,at,3.346764
709,all,3.258939
710,the,2.614066
711,right,7.480166
712,word,6.074973
713,but,5.092535
714,i,2.755715
715,shall,4.879100
716,have,2.537129
717,to,1.311767
718,ask,5.589693
719,them,4.756792
720,what,4.548325
721,the,3.594379
722,name,5.185676
723,of,1.591481
724,the,0.871739
725,country,6.719915
726,is,1.741981
727,you,6.245162
728,know,6.168393
729,please,7.103162
730,ma'am,11.560936
731,is,7.376322
732,this,4.394556
733,new,4.898027
734,zealand,13.998051
735,or,5.389023
736,australia,10.488863
737,and,3.297729
738,she,2.403843
739,tried,4.848555
740,to,0.102061
741,curtsey,14.225838
742,as,5.889742
743,she,1.348293
744,spoke,3.609550
745,fancy,13.867449
746,curtseying,14.817131
747,as,2.938869
748,you,5.690184
749,'re,4.693714
750,falling,9.010107
751,through,3.619889
752,the,1.071470
753,air,5.282292
754,do,5.139806
755,you,0.963661
756,think,1.495289
757,you,1.738487
758,could,3.842463
759,manage,6.158545
760,it,2.947497
761,and,3.297730
762,what,3.525148
763,an,4.506653
764,ignorant,8.781689
765,little,3.440516
766,girl,2.503332
767,she,4.328119
768,'ll,7.801051
769,think,3.713732
770,me,5.117459
771,for,4.903315
772,asking,8.941346
773,no,5.471712
774,it,3.255008
775,'ll,5.610222
776,never,4.526215
777,do,4.325164
778,to,5.060138
779,ask,5.705292
780,perhaps,9.067593
781,i,1.969650
782,shall,4.394400
783,see,3.818144
784,it,3.929244
785,written,10.965465
786,up,4.657062
787,somewhere,7.890303
788,down,9.489477
789,down,6.168746
790,down,7.063865
791,there,3.932847
792,was,1.310318
793,nothing,2.842762
794,else,2.065793
795,to,1.457076
796,do,2.022461
797,so,2.559425
798,alice,14.522123
799,soon,9.141524
800,began,7.524240
801,talking,7.123580
802,again,4.813500
803,dinah,14.798569
804,'ll,7.614321
805,miss,8.092785
806,me,9.021988
807,very,6.577608
808,much,1.805867
809,to-night,4.045550
810,i,4.617806
811,should,5.729580
812,think,3.929832
813,dinah,14.798569
814,was,4.188012
815,the,1.916777
816,cat,10.741449
817,i,2.495622
818,hope,4.141591
819,they,4.368567
820,'ll,2.375404
821,remember,7.441412
822,her,4.782519
823,saucer,13.717669
824,of,5.311845
825,milk,7.956729
826,at,5.064793
828,time,4.111721
829,dinah,14.798569
830,my,6.485096
831,dear,1.727961
832,i,2.495622
833,wish,4.662880
834,you,1.043595
835,were,2.290706
836,down,8.086044
837,here,4.178449
838,with,3.410457
839,me,2.390277
840,there,3.932845
841,are,3.450576
842,no,2.871708
843,mice,13.124271
844,in,0.925496
845,the,0.974957
846,air,5.406753
847,i,3.188413
848,'m,3.093761
849,afraid,3.616293
850,but,4.879333
851,you,2.967140
852,might,5.272863
853,catch,6.421426
854,a,2.775581
855,bat,9.932325
856,and,2.348444
857,that,4.921209
858,'s,2.112552
859,very,4.727800
860,like,7.842131
861,a,1.694549
862,mouse,7.670498
863,you,4.705430
864,know,1.790359
865,but,3.641519
866,do,5.315521
867,cats,15.754227
868,eat,6.190136
869,bats,14.401551
870,i,4.742673
871,wonder,4.469704
872,and,3.297729
873,here,6.019886
874,alice,14.654280
875,began,7.984199
876,to,1.220249
877,get,4.901833
878,rather,8.111149
879,sleepy,8.954989
880,and,2.243654
881,went,7.630506
882,on,2.065501
883,saying,8.346060
884,to,2.593060
885,herself,7.672531
886,in,2.937214
887,a,3.152669
888,dreamy,6.911697
889,sort,2.198376
890,of,0.143188
891,way,1.280149
892,do,6.964368
893,cats,15.360331
894,eat,6.160780
895,bats,13.965162
896,do,5.139806
897,cats,15.643940
898,eat,6.256492
899,bats,14.397361
900,and,3.297730
901,sometimes,8.117746
902,do,6.789477
903,bats,16.312862
904,eat,9.376019
905,cats,12.632570
906,for,5.183829
907,you,3.768989
908,see,4.855759
909,as,6.458490
910,she,2.493258
911,could,4.590515
912,n't,4.608581
913,answer,5.069233
914,either,7.228461
915,question,7.770780
916,it,4.357294
917,did,3.940055
918,n't,2.946458
919,much,7.012520
920,matter,5.327857
921,which,6.952578
922,way,6.508086
923,she,2.176604
924,put,6.256505
925,it,2.796089
926,she,2.227985
927,felt,3.870908
928,that,1.801967
929,she,0.769642
930,was,2.605947
931,dozing,8.868443
932,off,6.765605
933,and,3.377030
934,had,5.918214
935,just,6.088067
936,begun,6.404919
937,to,0.274977
938,dream,8.490492
939,that,4.553740
940,she,1.665402
941,was,1.601426
942,walking,7.475696
943,hand,9.833896
944,in,2.651711
945,hand,6.862953
946,with,1.790796
947,dinah,14.253498
949,was,3.154143
950,saying,10.458555
951,to,3.389072
952,her,2.609859
953,very,6.622858
954,earnestly,10.441072
955,now,6.588198
956,dinah,15.777915
957,tell,9.810659
958,me,2.413706
959,the,2.942120
960,truth,1.330951
961,did,6.441657
962,you,2.213364
963,ever,4.558487
964,eat,6.486705
965,a,3.379760
966,bat,10.489362
967,when,4.727803
968,suddenly,7.128472
969,thump,15.508480
970,thump,14.760353
971,down,9.489477
972,she,3.682758
973,came,6.378475
974,upon,6.700301
975,a,3.560132
976,heap,7.335500
977,of,0.261365
978,sticks,10.937358
979,and,2.199848
980,dry,11.338718
981,leaves,7.424129
982,and,2.462905
983,the,3.766994
984,fall,8.953084
985,was,4.440317
986,over,5.073262
987,alice,14.779698
988,was,4.044680
989,not,3.214355
990,a,3.210063
991,bit,3.602944
992,hurt,9.374537
993,and,5.496462
994,she,2.632644
995,jumped,9.021665
996,up,3.673946
997,onto,4.442845
998,her,3.120243
999,feet,1.849929
1000,in,4.820118
1001,a,2.798396
1002,moment,4.480320
1003,she,6.744229
1004,looked,3.346107
1005,up,2.255913
1006,but,6.170934
1007,it,2.701325
1008,was,0.840872
1009,all,4.540257
1010,dark,6.588328
1011,overhead,9.723063
1012,before,5.682592
1013,her,2.354815
1014,was,6.013812
1015,another,8.600262
1016,long,7.241985
1017,passage,9.951036
1018,and,3.462141
1019,the,2.203570
1020,white,5.664603
1021,rabbit,12.440737
1022,was,3.938794
1023,still,4.442679
1024,in,4.652693
1025,sight,5.173149
1026,hurrying,12.509727
1027,down,3.243822
1028,it,6.541242
1029,there,3.932845
1030,was,1.310323
1031,not,3.591966
1032,a,0.858471
1033,moment,4.738688
1034,to,3.002846
1035,be,2.405409
1036,lost,6.347567
1037,away,8.265804
1038,went,9.393839
1039,alice,14.716517
1040,like,6.723873
1041,the,2.156556
1042,wind,4.250755
1043,and,2.588017
1044,was,5.398408
1045,just,5.208994
1046,in,3.799153
1047,time,5.561456
1048,to,1.382007
1049,hear,3.804731
1050,it,5.288538
1051,say,8.168036
1052,as,4.082076
1053,it,2.548464
1054,turned,7.171587
1055,a,5.094740
1056,corner,5.161510
1057,oh,10.272741
1058,my,5.521878
1059,ears,7.723361
1060,and,2.825342
1061,whiskers,13.103959
1062,how,7.136788
1063,late,8.852485
1064,it,1.597693
1065,'s,4.199930
1066,getting,6.692073
1067,she,2.227985
1068,was,2.024417
1069,close,6.973298
1070,behind,9.360416
1071,it,2.718443
1072,when,5.063931
1073,she,0.727932
1074,turned,4.882514
1075,the,4.827797
1076,corner,4.541465
1077,but,5.456854
1078,the,3.455431
1079,rabbit,12.373934
1080,was,2.300173
1081,no,5.706252
1082,longer,1.184050
1083,to,4.839559
1084,be,4.367431
1085,seen,2.793533
1086,she,4.570445
1087,found,4.327504
1088,herself,0.522694
1089,in,3.157886
1090,a,3.537177
1091,long,5.290435
1092,low,6.000608
1093,hall,6.250188
1094,which,4.923684
1095,was,1.893488
1096,lit,9.466953
1097,up,5.276901
1098,by,3.817642
1099,a,1.656157
1100,row,6.636304
1101,of,1.048638
1102,lamps,8.634480
1103,hanging,6.790752
1104,from,3.325533
1105,the,0.501546
1106,roof,5.425479
1107,there,3.932845
1108,were,1.768209
1109,doors,9.592793
1110,all,6.800290
1111,round,5.742459
1112,the,1.355368
1113,hall,8.313986
1114,but,4.557251
1115,they,3.685188
1116,were,1.724388
1117,all,4.771411
1118,locked,10.372583
1119,and,1.374999
1120,when,6.603928
1121,alice,14.355912
1122,had,2.593735
1123,been,1.653679
1124,all,6.315105
1125,the,0.800232
1126,way,4.514610
1127,down,7.136055
1128,one,6.954860
1129,side,4.722665
1130,and,2.048976
1131,up,8.035957
1132,the,1.820968
1133,other,4.129175
1134,trying,10.727480
1135,every,9.001980
1136,door,11.062661
1137,she,6.833449
1138,walked,7.808712
1139,sadly,9.630404
1140,down,4.681962
1141,the,1.488225
1142,middle,9.679819
1143,wondering,11.900890
1144,how,6.165494
1145,she,2.250867
1146,was,2.545630
1147,ever,6.233463
1148,to,3.779726
1149,get,3.023328
1150,out,3.173042
1151,again,4.545372
1152,suddenly,6.757064
1153,she,0.854458
1154,came,5.273425
1155,upon,6.409872
1156,a,3.720184
1157,little,1.362028
1159,legged,4.544490
1160,table,5.417706
1161,all,6.491377
1162,made,7.466093
1163,of,5.783302
1164,solid,8.649979
1165,glass,5.205102
1166,there,8.454855
1167,was,2.266512
1168,nothing,2.848094
1169,on,4.532601
1170,it,3.629747
1171,except,7.744756
1172,a,3.178308
1173,tiny,5.680970
1174,golden,6.707030
1175,key,8.693995
1176,and,3.022456
1177,Alice's,6.373707
1178,first,7.988569
1179,thought,7.244365
1180,was,4.766313
1181,that,3.738714
1182,it,2.590330
1183,might,3.150839
1184,belong,8.241978
1185,to,0.929788
1186,one,6.084074
1187,of,1.280416
1188,the,0.327799
1189,doors,8.794024
1190,of,4.043168
1191,the,0.714100
1192,hall,7.645872
1193,but,5.638540
1194,alas,10.386999
1195,either,10.065101
1196,the,2.116563
1197,locks,13.097342
1198,were,3.344952
1199,too,6.107930
1200,large,4.723488
1201,or,4.341004
1202,the,2.689515
1203,key,8.704646
1204,was,3.320138
1205,too,4.868155
1206,small,4.381195
1207,but,3.246435
1208,at,5.095243
1209,any,3.222647
1210,rate,0.188059
1211,it,2.246687
1212,would,3.153324
1213,not,2.668725
1214,open,7.114804
1215,any,4.559574
1216,of,4.910736
1217,them,2.765920
1218,however,8.213459
1219,on,5.721162
1220,the,0.480207
1221,second,5.007628
1222,time,3.965715
1223,round,10.611508
1224,she,3.702364
1225,came,4.994961
1226,upon,5.303731
1227,a,3.503483
1228,low,4.745911
1229,curtain,5.219396
1230,she,6.249489
1231,had,3.104718
1232,not,5.179786
1233,noticed,5.605207
1234,before,4.439207
1235,and,2.319904
1236,behind,9.110539
1237,it,3.665023
1238,was,3.710114
1239,a,4.010226
1240,little,2.678051
1241,door,9.310465
1242,about,6.178273
1243,fifteen,10.948587
1244,inches,7.072614
1245,high,10.606757
1246,she,7.137518
1247,tried,5.115424
1248,the,6.379894
1249,little,3.210182
1250,golden,6.111732
1251,key,6.813375
1252,in,1.857221
1253,the,1.029301
1254,lock,5.901748
1255,and,2.108775
1256,to,5.341760
1257,her,3.211383
1258,great,6.184379
1259,delight,4.507240
1260,it,5.027837
1261,fitted,10.806679
1262,alice,14.779698
1263,opened,9.602624
1264,the,0.666529
1265,door,2.028427
1266,and,2.001458
1267,found,7.162705
1268,that,3.257305
1269,it,4.126757
1270,led,6.774504
1271,into,3.596272
1272,a,1.558711
1273,small,6.506830
1274,passage,8.218235
1275,not,5.337169
1276,much,6.724118
1277,larger,7.426697
1278,than,2.623448
1279,a,2.414654
1281,hole,5.111346
1282,she,7.047372
1283,knelt,9.235051
1284,down,1.892598
1285,and,2.935989
1286,looked,3.575317
1287,along,7.375895
1288,the,2.382390
1289,passage,6.536310
1290,into,5.482969
1291,the,0.346648
1292,loveliest,13.220212
1293,garden,5.706381
1294,you,8.966080
1295,ever,6.443967
1296,saw,3.903913
1297,how,4.860350
1298,she,4.085378
1299,longed,6.972347
1300,to,0.108291
1301,get,3.621964
1302,out,2.763150
1303,of,1.733399
1304,that,2.626526
1305,dark,7.215545
1306,hall,7.811894
1307,and,2.393796
1308,wander,10.397585
1309,about,5.758067
1310,among,10.190071
1311,those,5.875389
1312,beds,7.073503
1313,of,3.164682
1314,bright,7.119431
1315,flowers,5.150182
1316,and,2.029691
1317,those,7.626539
1318,cool,7.184561
1319,fountains,11.641212
1320,but,7.110626
1321,she,3.566469
1322,could,2.270106
1323,not,1.006057
1324,even,5.763936
1325,get,3.910830
1326,her,4.247046
1327,head,4.234246
1328,through,5.367778
1329,the,0.791726
1330,doorway,6.328912
1331,and,2.228447
1332,even,6.932568
1333,if,2.139038
1334,my,7.568625
1335,head,4.349098
1336,would,2.182721
1337,go,4.494862
1338,through,3.751911
1339,thought,10.151644
1340,poor,8.132505
1341,alice,14.716692
1342,it,3.765728
1343,would,0.959221
1344,be,1.191706
1345,of,5.544582
1346,very,6.711570
1347,little,4.240612
1348,use,9.602478
1349,without,7.575914
1350,my,6.747746
1351,shoulders,9.338334
1352,oh,5.031639
1353,how,3.266787
1354,i,4.542698
1355,wish,5.394973
1356,i,2.633628
1357,could,2.550466
1358,shut,8.980814
1359,up,3.623566
1360,like,6.841722
1361,a,1.553001
1362,telescope,13.197842
1363,i,2.495622
1364,think,3.324699
1365,i,1.797956
1366,could,3.220133
1367,if,7.855813
1368,i,1.634464
1369,only,5.116167
1370,knew,3.352263
1371,how,1.678690
1372,to,1.964662
1373,begin,5.665288
1374,for,5.183829
1375,you,3.768989
1376,see,4.855759
1377,so,7.160286
1378,many,2.879409
1382,way,5.593405
1383,things,6.547659
1384,had,4.273742
1385,happened,3.296730
1386,lately,9.078110
1387,that,3.124779
1388,alice,14.455783
1389,had,4.681067
1390,begun,4.937925
1391,to,0.435707
1392,think,6.561220
1393,that,2.449412
1394,very,6.428625
1395,few,7.698339
1396,things,4.547310
1397,indeed,7.600069
1398,were,7.065034
1399,really,6.292337
1400,impossible,7.785500
1401,there,3.932845
1402,seemed,4.181371
1403,to,0.845534
1404,be,2.250637
1405,no,0.955848
1406,use,4.040515
1407,in,1.467772
1408,waiting,12.508507
1409,by,7.952892
1410,the,1.083729
1411,little,3.323644
1412,door,9.725258
1413,so,5.899184
1414,she,1.893422
1415,went,3.287268
1416,back,4.284575
1417,to,0.291986
1418,the,0.959718
1419,table,5.895091
1420,half,10.555394
1421,hoping,10.570879
1422,she,3.999863
1423,might,4.795191
1424,find,4.575092
1425,another,6.695710
1426,key,9.543972
1427,on,4.059463
1428,it,4.507539
1429,or,5.481127
1430,at,5.912721
1431,any,3.073161
1432,rate,0.133474
1433,a,3.948383
1434,book,7.295762
1435,of,2.619376
1436,rules,9.873992
1437,for,5.528634
1438,shutting,12.638691
1439,people,4.900797
1440,up,4.825368
1441,like,6.202065
1442,telescopes,6.165571
1443,this,5.422537
1444,time,2.926988
1445,she,4.676918
1446,found,3.756006
1447,a,4.441818
1448,little,2.733161
1449,bottle,6.691693
1450,on,3.310922
1451,it,5.159188
1452,which,7.401750
1453,certainly,8.229019
1454,was,3.306677
1455,not,3.650622
1456,here,7.259917
1457,before,5.319687
1458,said,8.028845
1459,alice,14.871078
1460,and,2.900418
1462,round,7.988062
1463,the,1.537223
1464,neck,10.311155
1465,of,2.972950
1466,the,0.576859
1467,bottle,10.201490
1468,was,5.277390
1469,a,2.501194
1470,paper,8.531158
1471,label,15.077493
1472,with,2.470107
1473,the,1.847868
1474,words,8.757298
1475,drink,11.669823
1476,me,9.981817
1477,beautifully,11.351720
1478,printed,8.924043
1479,on,4.936763
1480,it,4.629920
1481,in,3.869548
1482,large,12.477663
1483,letters,8.356112
1484,it,3.465668
1485,was,1.064528
1486,all,4.093965
1487,very,3.793180
1488,well,5.023929
1489,to,3.525181
1490,say,4.048717
1491,drink,11.457596
1492,me,8.037356
1493,but,3.258383
1494,the,2.868349
1495,wise,10.651344
1496,little,2.753397
1497,alice,13.887477
1498,was,2.868530
1499,not,3.683661
1500,going,5.585677
1501,to,0.679814
1502,do,4.505591
1503,that,3.709934
1504,in,4.063843
1505,a,3.483260
1506,hurry,7.122339
1507,no,5.471710
1508,i,3.160461
1509,'ll,3.859600
1510,look,6.410729
1511,first,7.121317
1512,she,4.677715
1513,said,1.207568
1514,and,2.088305
1515,see,6.563163
1516,whether,7.639497
1517,it,2.357351
1518,'s,2.500102
1519,marked,11.145105
1520,poison,9.722393
1521,or,5.757115
1522,not,3.040497
1523,for,3.516721
1524,she,4.301733
1525,had,3.693225
1526,read,5.348981
1527,several,7.726843
1528,nice,10.864974
1529,little,4.994249
1530,histories,13.775674
1531,about,4.041232
1532,children,7.782802
1533,who,4.850327
1534,had,2.811561
1535,got,4.893657
1536,burnt,12.891951
1537,and,3.291741
1538,eaten,10.617750
1539,up,8.030123
1540,by,4.092236
1541,wild,7.167923
1542,beasts,8.126657
1543,and,3.616127
1544,other,6.036520
1545,unpleasant,11.125223
1546,things,3.103711
1547,all,5.223145
1548,because,6.734190
1549,they,3.141318
1550,would,3.658373
1551,not,1.758045
1552,remember,6.974040
1553,the,0.918951
1554,simple,6.082016
1555,rules,9.543197
1556,their,8.572646
1557,friends,6.678116
1558,had,3.952318
1559,taught,7.745526
1560,them,3.001606
1561,such,6.349121
1562,as,3.455796
1563,that,5.904058
1564,a,4.000172
1566,hot,4.432711
1567,poker,13.292831
1568,will,5.851681
1569,burn,8.046204
1570,you,5.761179
1571,if,4.587433
1572,you,1.196169
1573,hold,8.558008
1574,it,3.198366
1575,too,5.576379
1576,long,6.307532
1577,and,2.694600
1578,that,4.405346
1579,if,4.290868
1580,you,0.761560
1581,cut,7.436139
1582,your,3.227650
1583,finger,10.772459
1584,very,6.152927
1585,deeply,7.322572
1586,with,4.267096
1587,a,2.542059
1588,knife,8.865473
1589,it,5.395959
1590,usually,11.222818
1591,bleeds,6.948930
1592,and,4.724136
1593,she,6.191132
1594,had,4.358984
1595,never,3.482133
1596,forgotten,4.682000
1597,that,1.225373
1598,if,5.868655
1599,you,0.920009
1600,drink,9.233437
1601,much,6.676482
1602,from,6.029459
1603,a,3.172915
1604,bottle,7.749000
1605,marked,11.768929
1606,poison,9.377526
1607,it,4.120004
1608,is,0.833820
1609,almost,4.999753
1610,certain,8.435549
1611,to,4.591055
1612,disagree,10.435227
1613,with,2.942412
1614,you,1.504184
1615,sooner,9.542540
1616,or,4.391600
1617,later,5.880332
1618,however,8.213459
1619,this,4.166203
1620,bottle,10.747725
1621,was,1.310046
1622,not,2.829414
1623,marked,8.922966
1624,poison,10.242915
1625,so,6.321785
1626,alice,13.210642
1627,ventured,11.300579
1628,to,0.586696
1629,taste,10.300788
1630,it,5.318032
1631,and,3.031402
1632,finding,8.359582
1633,it,1.739415
1634,very,4.933973
1635,nice,6.369040
1636,it,5.853585
1637,had,3.598866
1638,in,7.864049
1639,fact,5.591321
1640,a,4.164406
1641,sort,4.305715
1642,of,0.032696
1643,mixed,11.438731
1644,flavour,12.320539
1645,of,3.746751
1647,tart,4.275368
1648,custard,13.966682
1649,pine-apple,4.650685
1650,roast,12.456144
1651,turkey,10.718722
1652,toffee,12.762493
1653,and,4.359362
1654,hot,7.820506
1655,buttered,12.353014
1656,toast,11.962317
1657,she,6.929383
1658,very,9.098925
1659,soon,3.212921
1660,finished,10.087769
1661,it,5.224842
1662,off,6.551451
1663,what,4.240719
1664,a,2.496813
1665,curious,6.782362
1666,feeling,6.027036
1667,said,7.244800
1668,alice,15.523951
1669,i,3.646009
1670,must,4.612730
1671,be,2.709511
1672,shutting,12.479287
1673,up,3.113454
1674,like,6.253116
1675,a,1.465223
1676,telescope,13.078475
1677,and,3.297729
1678,so,5.425019
1679,it,3.201920
1680,was,1.088955
1681,indeed,6.767744
1682,she,3.599734
1683,was,2.111609
1684,now,6.043015
1685,only,6.744177
1686,ten,5.333886
1687,inches,7.333219
1688,high,11.701046
1689,and,2.675190
1690,her,4.992131
1691,face,4.163093
1692,brightened,6.725484
1693,up,5.003323
1694,at,3.476144
1695,the,0.505824
1696,thought,3.809258
1697,that,3.184691
1698,she,0.747755
1699,was,2.726760
1700,now,4.761196
1701,the,3.711843
1702,right,4.871325
1703,size,10.167658
1704,for,4.663411
1705,going,7.276373
1706,through,5.976486
1707,the,0.736077
1708,little,3.816344
1709,door,7.218792
1710,into,5.240807
1711,that,3.508527
1712,lovely,5.955806
1713,garden,5.563970
1714,first,7.366724
1715,however,6.300505
1716,she,2.298605
1717,waited,7.046171
1718,for,4.182789
1719,a,1.894959
1720,few,4.981005
1721,minutes,1.371094
1722,to,3.867734
1723,see,4.080319
1724,if,2.189006
1725,she,1.459794
1726,was,3.421719
1727,going,3.426335
1728,to,0.521167
1729,shrink,9.345358
1730,any,6.721582
1731,further,7.797941
1732,she,6.151573
1733,felt,5.052847
1734,a,4.867377
1735,little,2.367102
1736,nervous,7.624360
1737,about,6.000142
1738,this,6.207324
1739,for,5.790560
1740,it,4.098514
1741,might,5.910573
1742,end,8.728893
1743,you,6.284367
1744,know,2.630930
1745,said,6.407984
1746,alice,15.513319
1747,to,3.134898
1748,herself,5.376494
1749,in,3.626372
1750,my,4.277141
1751,going,9.472897
1752,out,5.990002
1753,altogether,9.705567
1754,like,5.748522
1755,a,1.144052
1756,candle,9.735048
1757,i,2.495622
1758,wonder,4.869500
1759,what,2.062671
1760,i,2.645277
1761,should,3.992775
1762,be,2.806185
1763,like,4.714226
1764,then,6.694351
1765,and,3.297729
1766,she,2.403843
1767,tried,4.848555
1768,to,0.102061
1769,fancy,8.662830
1770,what,3.841832
1771,the,2.509636
1772,flame,7.441744
1773,of,0.863243
1774,a,2.965288
1775,candle,10.384071
1776,is,4.157323
1777,like,3.783854
1778,after,7.980044
1779,the,2.016810
1780,candle,11.278876
1781,is,3.887585
1782,blown,8.737551
1783,out,3.722746
1784,for,4.795067
1785,she,4.834386
1786,could,3.963453
1787,not,1.633287
1788,remember,5.181693
1789,ever,9.356003
1790,having,7.065650
1791,seen,3.450269
1792,such,4.438623
1793,a,0.457481
1794,thing,2.448464
1795,after,5.732862
1796,a,1.990967
1797,while,4.644487
1798,finding,10.116937
1799,that,5.379898
1800,nothing,10.652943
1801,more,4.658095
1802,happened,6.156870
1803,she,3.240368
1804,decided,4.802135
1805,on,6.577426
1806,going,7.939436
1807,into,3.350846
1808,the,0.768594
1809,garden,4.673642
1810,at,4.327359
1811,once,2.989475
1812,but,5.455924
1813,alas,9.942848
1814,for,3.517656
1815,poor,7.232880
1816,alice,14.167975
1817,when,4.727801
1818,she,1.633683
1819,got,4.586005
1820,to,2.395656
1821,the,1.875260
1822,door,2.766301
1823,she,2.062286
1824,found,3.653111
1825,she,5.854636
1826,had,3.433734
1827,forgotten,4.730650
1828,the,1.439210
1829,little,3.620498
1830,golden,7.503533
1831,key,7.121795
1832,and,2.106599
1833,when,6.893706
1834,she,0.364987
1835,went,2.447191
1836,back,2.781978
1837,to,0.582954
1838,the,1.089923
1839,table,6.065042
1840,for,5.607696
1841,it,4.595845
1842,she,2.715466
1843,found,3.632358
1844,she,6.310678
1845,could,2.525727
1846,not,1.293521
1847,possibly,4.766635
1848,reach,5.860906
1849,it,2.896846
1850,she,4.152821
1851,could,3.204969
1852,see,2.228640
1853,it,3.416100
1854,quite,4.737523
1855,plainly,4.727569
1856,through,8.029385
1857,the,0.613352
1858,glass,7.154289
1859,and,2.990495
1860,she,1.094294
1861,tried,5.142290
1862,her,5.995662
1863,best,3.326401
1864,to,0.718865
1865,climb,9.111801
1866,up,3.486405
1867,one,4.887955
1868,of,1.124082
1869,the,0.397758
1870,legs,10.551098
1871,of,5.305569
1872,the,0.821998
1873,table,5.913329
1874,but,6.093594
1875,it,3.882787
1876,was,1.149897
1877,too,5.345251
1878,slippery,14.179354
1879,and,3.084210
1880,when,6.380527
1881,she,0.307791
1882,had,2.937452
1883,tired,8.147721
1884,herself,5.650841
1885,out,4.273793
1886,with,3.236282
1887,trying,8.927580
1888,the,4.295643
1889,poor,5.232852
1890,little,3.417870
1891,thing,2.752583
1892,sat,10.046305
1893,down,2.363200
1894,and,3.575108
1895,cried,8.152660
1896,come,6.361591
1897,there,4.762320
1898,'s,1.377868
1899,no,1.838018
1900,use,1.877480
1901,in,3.062571
1902,crying,11.199206
1903,like,6.425611
1904,that,1.142555
1905,said,7.244800
1906,alice,15.523951
1907,to,3.146359
1908,herself,4.733924
1909,rather,7.418232
1910,sharply,6.006118
1911,i,5.275955
1912,advise,8.173944
1913,you,1.072855
1914,to,2.993418
1915,leave,6.367199
1916,off,5.918143
1917,this,3.793782
1918,minute,5.598451
1919,she,2.227985
1920,generally,10.304049
1921,gave,4.446651
1922,herself,3.038512
1923,very,5.404881
1924,good,6.059834
1925,advice,12.219061
1926,though,6.618597
1927,she,1.104389
1928,very,9.869211
1929,seldom,6.062341
1930,followed,11.088532
1931,it,3.951118
1932,and,2.410175
1933,sometimes,7.415062
1934,she,1.825635
1935,scolded,11.677488
1936,herself,4.573709
1937,so,5.563231
1938,severely,8.773840
1939,as,3.707246
1940,to,2.769579
1941,bring,6.154422
1942,tears,7.539555
1943,into,4.068339
1944,her,1.446142
1945,eyes,4.267085
1946,and,2.414443
1947,once,7.191809
1948,she,1.382888
1949,remembered,5.516124
1950,trying,9.337057
1951,to,0.237520
1952,box,13.240910
1953,her,3.430745
1954,own,2.715686
1955,ears,6.474423
1956,for,4.754936
1957,having,5.682340
1958,cheated,14.085768
1959,herself,4.846227
1960,in,3.561526
1961,a,2.994382
1962,game,9.479396
1963,of,0.950788
1964,croquet,12.976380
1965,she,4.563251
1966,was,2.004729
1967,playing,7.157159
1968,against,6.487262
1969,herself,4.154881
1970,for,3.928107
1971,this,5.760756
1972,curious,10.470132
1973,child,5.471868
1974,was,5.082340
1975,very,4.516714
1976,fond,5.650390
1977,of,0.035294
1978,pretending,12.292077
1979,to,0.713277
1980,be,3.986770
1981,two,6.890517
1982,people,3.829775
1983,but,3.641519
1984,it,2.679139
1985,'s,1.332890
1986,no,4.209027
1987,use,0.939104
1988,now,6.211568
1989,thought,9.282720
1990,poor,8.647926
1991,alice,14.435124
1992,to,3.866721
1993,pretend,8.745146
1994,to,0.497047
1995,be,3.236032
1996,two,5.689552
1997,people,3.487328
1998,why,5.665198
1999,there,4.493506
2000,'s,1.492587
2001,hardly,7.546428
2002,enough,4.537840
2003,of,3.639179
2004,me,3.700419
2005,left,9.879611
2006,to,4.082664
2007,make,5.213718
2008,one,4.934289
2009,respectable,11.224769
2010,person,7.067979
2011,soon,7.707745
2012,her,5.406796
2013,eye,8.147409
2014,fell,3.623900
2015,on,2.630365
2016,a,3.147769
2017,little,2.848966
2018,glass,5.774364
2019,box,8.716812
2020,that,4.775146
2021,was,2.879160
2022,lying,6.451783
2023,under,5.099571
2024,the,0.244162
2025,table,5.424076
2026,she,4.743757
2027,opened,6.389947
2028,it,3.962734
2029,and,2.431394
2030,found,5.199989
2031,in,3.133499
2032,it,3.060777
2033,a,3.846777
2034,very,5.183189
2035,small,2.992745
2036,cake,9.243326
2037,on,5.360353
2038,which,3.580216
2039,the,2.329533
2040,words,7.448331
2041,eat,12.613079
2042,me,9.579770
2043,were,6.566626
2044,beautifully,7.688079
2045,marked,10.666881
2046,in,4.263511
2047,currants,14.670355
2048,well,4.529532
2049,i,2.181479
2050,'ll,3.746773
2051,eat,7.645533
2052,it,3.113482
2053,said,4.046488
2054,alice,14.780454
2055,and,2.165464
2056,if,6.051050
2057,it,3.277224
2058,makes,4.714067
2059,me,1.214385
2060,grow,8.504242
2061,larger,7.953223
2062,i,3.875478
2063,can,3.404099
2064,reach,7.084867
2065,the,0.853830
2066,key,7.510643
2067,and,1.994308
2068,if,3.800165
2069,it,2.806936
2070,makes,4.944285
2071,me,1.605907
2072,grow,8.266707
2073,smaller,10.320443
2074,i,4.454402
2075,can,3.737086
2076,creep,13.036684
2077,under,7.523942
2078,the,0.548071
2079,door,6.380802
2080,so,5.671153
2081,either,9.944458
2082,way,10.223345
2083,i,3.154390
2084,'ll,3.437638
2085,get,3.572065
2086,into,2.071899
2087,the,0.851351
2088,garden,5.104903
2089,and,2.090084
2090,i,3.434251
2091,do,2.738021
2092,n't,0.421007
2093,care,3.434824
2094,which,6.525765
2095,happens,8.005541
2096,she,2.227983
2097,ate,7.940125
2098,a,2.882401
2099,little,1.570586
2100,bit,6.592177
2101,and,2.961124
2102,said,3.558729
2103,anxiously,7.563333
2104,to,5.127089
2105,herself,3.368406
2106,which,6.975351
2107,way,7.698421
2108,which,8.604435
2109,way,7.069670
2110,holding,10.573746
2111,her,2.826905
2112,hand,3.790386
2113,on,2.598786
2114,the,0.970959
2115,top,4.664802
2116,of,0.264055
2117,her,3.223430
2118,head,3.985648
2119,to,5.370539
2120,feel,7.138152
2121,which,6.275639
2122,way,9.443177
2123,it,3.530581
2124,was,1.529673
2125,growing,8.224106
2126,and,4.606601
2127,she,1.618940
2128,was,2.233583
2129,quite,5.536664
2130,surprised,4.258927
2131,to,1.457387
2132,find,4.629301
2133,that,3.940059
2134,she,3.983932
2135,remained,7.933021
2136,the,5.294453
2137,same,4.000469
2138,size,9.750860
2139,to,4.867032
2140,be,4.311555
2141,sure,3.441072
2142,this,5.353337
2145,generally,11.880702
2146,happens,8.175845
2147,when,4.458163
2148,one,5.061646
2149,eats,12.512992
2150,cake,12.922729
